Workbook

Sheet Sunglasses BOM
A1: PO DATE | B1: PO NO | C1: Part # | D1: Description | E1: Quantity | F1: Body Material | G1: Lens Material | H1: Lens Mono/2Tone/Mirror/Tinted | I1: Lens Colour | J1: Frame Inside Color | K1: Temple Inside Color | L1: Fraame Outside Color | M1: Temple Outside Colour | N1: Rivet Material | O1: Screw Material | P1: Frame Width | Q1: Frame height | R1: Temple Length | S1: Lens width | T1: Lens Height | U1: Weight +-2% | V1: Frame Inside Pantone | W1: Temple inside Pantone | X1: Frame Outside Pantone | Y1: Temple Outside Pantone | Z1: Rubberised
B2: ABS | D2: Sunglasses | E2: =E12+E19+E29+E36+E43 -> 1058400 | F2: =E2/23760 -> 44.545455
B3: PP | D3: Sunglasses | E3: =E54+E63+E69+E73+E77 -> 747600 | F3: =E3/23760 -> 31.464646
B4: TOTAL | D4: Sunglasses | E4: =SUM(E2:E3) -> 1806000
A7: 45907 | B7: 1155928 | C7: 6223 BLK | D7: Sunglass, 6223 Black | E7: 100800 | F7: ABS | G7: PC | H7: Monotone | I7: Black | K7: Black | L7: Black | N7: Zinc Alloy | O7: Stainless Steel | P7: 145.6 mm | Q7: 49 mm | R7: 156 mm | S7: 52.7 mm | T7: 43.8 mm | U7: 19.6 gm | V7: Black 6C | W7: Black 6C | X7: Black 6C | Y7: Black 6C
C8: 6223 NAV | D8: Sunglass, 6223 Navy | E8: 50400 | F8: ABS | G8: PC | H8: Monotone | I8: Black | K8: Navy | L8: Navy | N8: Zinc Alloy | O8: Stainless Steel | P8: 145.6 mm | Q8: 49 mm | R8: 156 mm | S8: 52.7 mm | T8: 43.8 mm | U8: 19.6 gm | V8: 648C | W8: 648C | X8: 648C | Y8: 648C
C9: 6223 RED | D9: Sunglass, 6223 Red | E9: 50400 | F9: ABS | G9: PC | H9: Monotone | I9: Black | K9: Red | L9: Red | N9: Zinc Alloy | O9: Stainless Steel | P9: 145.6 mm | Q9: 49 mm | R9: 156 mm | S9: 52.7 mm | T9: 43.8 mm | U9: 19.6 gm | V9: 1807C | W9: 1807C | X9: 1807C | Y9: 1807C
C10: 6223 ROY | D10: Sunglass, 6223 Royal | E10: 50400 | F10: ABS | G10: PC | H10: Monotone | I10: Black | K10: Royal | L10: Royal | N10: Zinc Alloy | O10: Stainless Steel | P10: 145.6 mm | Q10: 49 mm | R10: 156 mm | S10: 52.7 mm | T10: 43.8 mm | U10: 19.6 gm | V10: 2746C | W10: 2746C | X10: 2746C | Y10: 2746C
C11: 6223 WHT | D11: Sunglass, 6223 White | E11: 100800 | F11: ABS | G11: PC | H11: Monotone | I11: Black | K11: White | L11: White | N11: Zinc Alloy | O11: Stainless Steel | P11: 145.6 mm | Q11: 49 mm | R11: 156 mm | S11: 52.7 mm | T11: 43.8 mm | U11: 19.6 gm | V11: WHITE | W11: WHITE | X11: WHITE | Y11: WHITE
E12: =SUM(E7:E11) -> 352800
A14: 14-07-2025 | B14: 1159052 | C14: 6223 BLK | D14: Sunglass, 6223 Black | E14: 117600 | F14: ABS | G14: PC | H14: Monotone | I14: Black | K14: Black | L14: Black | N14: Zinc Alloy | O14: Stainless Steel | P14: 145.6 mm | Q14: 49 mm | R14: 156 mm | S14: 52.7 mm | T14: 43.8 mm | U14: 19.6 gm | V14: Black 6C | W14: Black 6C | X14: Black 6C | Y14: Black 6C
C15: 6223 NAV | D15: Sunglass, 6223 Navy | E15: 50400 | F15: ABS | G15: PC | H15: Monotone | I15: Black | K15: Navy | L15: Navy | N15: Zinc Alloy | O15: Stainless Steel | P15: 145.6 mm | Q15: 49 mm | R15: 156 mm | S15: 52.7 mm | T15: 43.8 mm | U15: 19.6 gm | V15: 648C | W15: 648C | X15: 648C | Y15: 648C
C16: 6223 RED | D16: Sunglass, 6223 Red | E16: 100800 | F16: ABS | G16: PC | H16: Monotone | I16: Black | K16: Red | L16: Red | N16: Zinc Alloy | O16: Stainless Steel | P16: 145.6 mm | Q16: 49 mm | R16: 156 mm | S16: 52.7 mm | T16: 43.8 mm | U16: 19.6 gm | V16: 1807C | W16: 1807C | X16: 1807C | Y16: 1807C
C17: 6223 ROY | D17: Sunglass, 6223 Royal | E17: 50400 | F17: ABS | G17: PC | H17: Monotone | I17: Black | K17: Royal | L17: Royal | N17: Zinc Alloy | O17: Stainless Steel | P17: 145.6 mm | Q17: 49 mm | R17: 156 mm | S17: 52.7 mm | T17: 43.8 mm | U17: 19.6 gm | V17: 2746C | W17: 2746C | X17: 2746C | Y17: 2746C
C18: 6223 WHT | D18: Sunglass, 6223 White | E18: 33600 | F18: ABS | G18: PC | H18: Monotone | I18: Black | K18: White | L18: White | N18: Zinc Alloy | O18: Stainless Steel | P18: 145.6 mm | Q18: 49 mm | R18: 156 mm | S18: 52.7 mm | T18: 43.8 mm | U18: 19.6 gm | V18: WHITE | W18: WHITE | X18: WHITE | Y18: WHITE
E19: =SUM(E14:E18) -> 352800
A21: 16-07-2025 | B21: 1160644 | C21: 6224 BLUBLK | D21: Sunglass, 6224 2tone BlueBlack | E21: 33600 | F21: ABS | G21: PC | H21: Monotone | I21: Black | J21: Blue | K21: Blue | L21: Black | M21: Black | N21: Zinc Alloy | O21: Stainless Steel | P21: 145.6 mm | Q21: 49 mm | R21: 156 mm | S21: 52.7 mm | T21: 43.8 mm | U21: 19.6 gm | V21: 2187C | W21: 2187C | X21: Black 6C | Y21: Black 6C
C22: 6224 BLUWHT | D22: Sunglass, 6224 2tone Bluewhite | E22: 16800 | F22: ABS | G22: PC | H22: Monotone | I22: Black | J22: Blue | K22: Blue | L22: White | M22: White | N22: Zinc Alloy | O22: Stainless Steel | P22: 145.6 mm | Q22: 49 mm | R22: 156 mm | S22: 52.7 mm | T22: 43.8 mm | U22: 19.6 gm | V22: 2187C | W22: 2187C | X22: White | Y22: White
C23: 6224 LIMBLK | D23: Sunglass, 6224 2tone limeblack | E23: 25200 | F23: ABS | G23: PC | H23: Monotone | I23: Black | J23: Lime | K23: Lime | L23: Black | M23: Black | N23: Zinc Alloy | O23: Stainless Steel | P23: 145.6 mm | Q23: 49 mm | R23: 156 mm | S23: 52.7 mm | T23: 43.8 mm | U23: 19.6 gm | V23: 368C | W23: 368C | X23: Black 6C | Y23: Black 6C
C24: 6224 ORNBLK | D24: Sunglass, 6224 2tone orangeblack | E24: 16800 | F24: ABS | G24: PC | H24: Monotone | I24: Black | J24: Orange | K24: Orange | L24: Black | M24: Black | N24: Zinc Alloy | O24: Stainless Steel | P24: 145.6 mm | Q24: 49 mm | R24: 156 mm | S24: 52.7 mm | T24: 43.8 mm | U24: 19.6 gm | V24: 1655C | W24: 1655C | X24: Black 6C | Y24: Black 6C
C25: 6224 ORNWHT | D25: Sunglass, 6224 2tone orangewhite | E25: 8400 | F25: ABS | G25: PC | H25: Monotone | I25: Black | J25: Orange | K25: Orange | L25: White | M25: White | N25: Zinc Alloy | O25: Stainless Steel | P25: 145.6 mm | Q25: 49 mm | R25: 156 mm | S25: 52.7 mm | T25: 43.8 mm | U25: 19.6 gm | V25: 1655C | W25: 1655C | X25: White | Y25: White
C26: 6224 REDBLK | D26: Sunglass, 6224 2tone redblack | E26: 25200 | F26: ABS | G26: PC | H26: Monotone | I26: Black | J26: Red | K26: Red | L26: Black | M26: Black | N26: Zinc Alloy | O26: Stainless Steel | P26: 145.6 mm | Q26: 49 mm | R26: 156 mm | S26: 52.7 mm | T26: 43.8 mm | U26: 19.6 gm | V26: 201C | W26: 201C | X26: Black 6C | Y26: Black 6C
C27: 6224 REDWHT | D27: Sunglass, 6224 2tone redwhite | E27: 8400 | F27: ABS | G27: PC | H27: Monotone | I27: Black | J27: Red | K27: Red | L27: White | M27: White | N27: Zinc Alloy | O27: Stainless Steel | P27: 145.6 mm | Q27: 49 mm | R27: 156 mm | S27: 52.7 mm | T27: 43.8 mm | U27: 19.6 gm | V27: 201C | W27: 201C | X27: White | Y27: White
C28: 6224 YELBLK | D28: Sunglass, 6224 2tone yellowblack | E28: 8400 | F28: ABS | G28: PC | H28: Monotone | I28: Black | J28: Yellow | K28: Yellow | L28: Black | M28: Black | N28: Zinc Alloy | O28: Stainless Steel | P28: 145.6 mm | Q28: 49 mm | R28: 156 mm | S28: 52.7 mm | T28: 43.8 mm | U28: 19.6 gm | V28: 107C | W28: 107C | X28: Black 6C | Y28: Black 6C
E29: =SUM(E21:E28) -> 142800
A31: 16-07-2025 | B31: 1160645 | C31: 6207CLRBLU | D31: Sunglass, Clear W/Blue Lenses | E31: 42000 | F31: Clear ABS | G31: PC | H31: Monotone | I31: Blue | K31: Clear | L31: Clear | N31: Zinc Alloy | O31: Stainless Steel | P31: 145.6 mm | Q31: 49 mm | R31: 156 mm | S31: 52.7 mm | T31: 43.8 mm | U31: 19.6 gm | V31: Clear | W31: Clear | X31: Clear | Y31: Clear
C32: 6207CLRGRN | D32: Sunglass, Clear W/Green Lenses | E32: 25200 | F32: Clear ABS | G32: PC | H32: Monotone | I32: Green | K32: Clear | L32: Clear | N32: Zinc Alloy | O32: Stainless Steel | P32: 145.6 mm | Q32: 49 mm | R32: 156 mm | S32: 52.7 mm | T32: 43.8 mm | U32: 19.6 gm | V32: Clear | W32: Clear | X32: Clear | Y32: Clear
C33: 6207CLRRED | D33: Sunglass, Clear W/Red Lenses | E33: 16800 | F33: Clear ABS | G33: PC | H33: Monotone | I33: Red | K33: Clear | L33: Clear | N33: Zinc Alloy | O33: Stainless Steel | P33: 145.6 mm | Q33: 49 mm | R33: 156 mm | S33: 52.7 mm | T33: 43.8 mm | U33: 19.6 gm | V33: Clear | W33: Clear | X33: Clear | Y33: Clear
C34: 6207CLRSIL | D34: Sunglass, Clear W/Silver Lenses | E34: 16800 | F34: Clear ABS | G34: PC | H34: Monotone | I34: Silver | K34: Clear | L34: Clear | N34: Zinc Alloy | O34: Stainless Steel | P34: 145.6 mm | Q34: 49 mm | R34: 156 mm | S34: 52.7 mm | T34: 43.8 mm | U34: 19.6 gm | V34: Clear | W34: Clear | X34: Clear | Y34: Clear
C35: 6207CLRYEL | D35: Sunglass, Clear W/Yellow Lenses | E35: 16800 | F35: Clear ABS | G35: PC | H35: Monotone | I35: Yellow | K35: Clear | L35: Clear | N35: Zinc Alloy | O35: Stainless Steel | P35: 145.6 mm | Q35: 49 mm | R35: 156 mm | S35: 52.7 mm | T35: 43.8 mm | U35: 19.6 gm | V35: Clear | W35: Clear | X35: Clear | Y35: Clear
E36: =SUM(E31:E35) -> 117600
A38: 16-07-2025 | B38: 1160647 | C38: 6223BRTYEL | D38: Sunglass, 6223, Bright Yellow | E38: 16800 | F38: ABS | G38: PC | H38: Monotone | I38: Black | K38: Bright Yellow | L38: Bright Yellow | N38: Zinc Alloy | O38: Stainless Steel | P38: 145.6 mm | Q38: 49 mm | R38: 156 mm | S38: 52.7 mm | T38: 43.8 mm | U38: 19.6 gm | V38: 7405C | W38: 7405C | X38: 7405C | Y38: 7405C
C39: 6223CBL | D39: Sunglass, 6223, Light Blue | E39: 25200 | F39: ABS | G39: PC | H39: Monotone | I39: Black | K39: Light Blue | L39: Light Blue | N39: Zinc Alloy | O39: Stainless Steel | P39: 145.6 mm | Q39: 49 mm | R39: 156 mm | S39: 52.7 mm | T39: 43.8 mm | U39: 19.6 gm | V39: 14-4318 TCX | W39: 14-4318 TCX | X39: 14-4318 TCX | Y39: 14-4318 TCX
C40: 6223GRA | D40: Sunglass, 6223, Gray | E40: 16800 | F40: ABS | G40: PC | H40: Monotone | I40: Black | K40: Gray | L40: Gray | N40: Zinc Alloy | O40: Stainless Steel | P40: 145.6 mm | Q40: 49 mm | R40: 156 mm | S40: 52.7 mm | T40: 43.8 mm | U40: 19.6 gm | V40: Cool Gray 8C | W40: Cool Gray 8C | X40: Cool Gray 8C | Y40: Cool Gray 8C
C41: 6223GRK | D41: Sunglass, 6223, Kelly Green | E41: 16800 | F41: ABS | G41: PC | H41: Monotone | I41: Black | K41: Kelly Green | L41: Kelly Green | N41: Zinc Alloy | O41: Stainless Steel | P41: 145.6 mm | Q41: 49 mm | R41: 156 mm | S41: 52.7 mm | T41: 43.8 mm | U41: 19.6 gm | V41: 342C | W41: 342C | X41: 342C | Y41: 342C
C42: 6223PUR | D42: Sunglass, 6223, Purple | E42: 16800 | F42: ABS | G42: PC | H42: Monotone | I42: Black | K42: Purple | L42: Purple | N42: Zinc Alloy | O42: Stainless Steel | P42: 145.6 mm | Q42: 49 mm | R42: 156 mm | S42: 52.7 mm | T42: 43.8 mm | U42: 19.6 gm | V42: 2077C | W42: 2077C | X42: 2077C | Y42: 2077C
E43: =SUM(E38:E42) -> 92400
A45: 21-07-2025 | B45: 1163004 | C45: 4000 BLK | D45: Sunglass, Black Frame, Black Temple | E45: 117600 | F45: PP | G45: PC | H45: Monotone | I45: Black | K45: Black | L45: Black | O45: Stainless Steel | P45: 140 mm | Q45: 48.5 mm | R45: 153 mm | S45: 53.5 mm | T45: 44 mm | U45: 20.15 gm | V45: Black C | W45: Black C | X45: Black C | Y45: Black C
C46: 4000 BLU | D46: Sunglass, Rubberised Blue | E46: 58800 | F46: PP | G46: PC | H46: Monotone | I46: Black | K46: Blue | L46: Blue | O46: Stainless Steel | P46: 140 mm | Q46: 48.5 mm | R46: 153 mm | S46: 53.5 mm | T46: 44 mm | U46: 20.15 gm | V46: 2144C | W46: 2144C | X46: 2144C | Y46: 2144C | Z46: Rubberised
C47: 4000 BLUBLU | D47: Sunglass, Blue Frame, Blue Temple | E47: 50400 | F47: PP | G47: PC | H47: Monotone | I47: Black | K47: Blue | L47: Blue | O47: Stainless Steel | P47: 140 mm | Q47: 48.5 mm | R47: 153 mm | S47: 53.5 mm | T47: 44 mm | U47: 20.15 gm | V47: 2144C | W47: 2144C | X47: 2144C | Y47: 2144C
C48: 4000 GRN | D48: Sunglass, Rubberised Green | E48: 25200 | F48: PP | G48: PC | H48: Monotone | I48: Black | K48: Green | L48: Green | O48: Stainless Steel | P48: 140 mm | Q48: 48.5 mm | R48: 153 mm | S48: 53.5 mm | T48: 44 mm | U48: 20.15 gm | V48: 2270C | W48: 2270C | X48: 2270C | Y48: 2270C | Z48: Rubberised
C49: 4000 GRNGRN | D49: Sunglass, Green Frame, Green Temple | E49: 25200 | F49: PP | G49: PC | H49: Monotone | I49: Black | K49: Green | L49: Green | O49: Stainless Steel | P49: 140 mm | Q49: 48.5 mm | R49: 153 mm | S49: 53.5 mm | T49: 44 mm | U49: 20.15 gm | V49: 2270C | W49: 2270C | X49: 2270C | Y49: 2270C
C50: 4000 RED | D50: Sunglass, Rubberised Red | E50: 42000 | F50: PP | G50: PC | H50: Monotone | I50: Black | K50: Red | L50: Red | O50: Stainless Steel | P50: 140 mm | Q50: 48.5 mm | R50: 153 mm | S50: 53.5 mm | T50: 44 mm | U50: 20.15 gm | V50: 7628C | W50: 7628C | X50: 7628C | Y50: 7628C | Z50: Rubberised
C51: 4000 REDRED | D51: Sunglass, Red Frame, Red Temple | E51: 42000 | F51: PP | G51: PC | H51: Monotone | I51: Black | K51: Red | L51: Red | O51: Stainless Steel | P51: 140 mm | Q51: 48.5 mm | R51: 153 mm | S51: 53.5 mm | T51: 44 mm | U51: 20.15 gm | V51: 7628C | W51: 7628C | X51: 7628C | Y51: 7628C
C52: 4000 WHT | D52: Sunglass, Rubberised White | E52: 33600 | F52: PP | G52: PC | H52: Monotone | I52: Black | K52: White | L52: White | O52: Stainless Steel | P52: 140 mm | Q52: 48.5 mm | R52: 153 mm | S52: 53.5 mm | T52: 44 mm | U52: 20.15 gm | V52: White | W52: White | X52: White | Y52: White | Z52: Rubberised
C53: 4000 WHTWHT | D53: Sunglass, White Frame, White Temple | E53: 42000 | F53: PP | G53: PC | H53: Monotone | I53: Black | K53: White | L53: White | O53: Stainless Steel | P53: 140 mm | Q53: 48.5 mm | R53: 153 mm | S53: 53.5 mm | T53: 44 mm | U53: 20.15 gm | V53: White | W53: White | X53: White | Y53: White
E54: =SUM(E45:E53) -> 436800
A56: 21-07-2025 | B56: 1163005 | C56: 4000 GRA | D56: Sunglass Black Frame/Gray Temple | E56: 8400 | F56: PP | G56: PC | H56: Monotone | I56: Black | K56: Grey | L56: Black | O56: Stainless Steel | P56: 140 mm | Q56: 48.5 mm | R56: 153 mm | S56: 53.5 mm | T56: 44 mm | U56: 20.15 gm | V56: Black C | W56: 423C | X56: Black C | Y56: 423C
C57: 4000 MARMAR | D57: Sunglass Mar Frame/MAR Temple | E57: 8400 | F57: PP | G57: PC | H57: Monotone | I57: Black | K57: Mar | L57: Mar | O57: Stainless Steel | P57: 140 mm | Q57: 48.5 mm | R57: 153 mm | S57: 53.5 mm | T57: 44 mm | U57: 20.15 gm | V57: 7428C | W57: 7428C | X57: 7428C | Y57: 7428C
C58: 4000 ORN | D58: Rubberised Sunglasses Orange | E58: 16800 | F58: PP | G58: PC | H58: Monotone | I58: Black | K58: Orange | L58: Orange | O58: Stainless Steel | P58: 140 mm | Q58: 48.5 mm | R58: 153 mm | S58: 53.5 mm | T58: 44 mm | U58: 20.15 gm | V58: 1645C | W58: 1645C | X58: 1645C | Y58: 1645C | Z58: Rubberised
C59: 4000 ORNORN | D59: Sunglass Orange Frame/ORN Temple | E59: 25200 | F59: PP | G59: PC | H59: Monotone | I59: Black | K59: Orange | L59: Orange | O59: Stainless Steel | P59: 140 mm | Q59: 48.5 mm | R59: 153 mm | S59: 53.5 mm | T59: 44 mm | U59: 20.15 gm | V59: 1645C | W59: 1645C | X59: 1645C | Y59: 1645C
C60: 4000 PURPUR | D60: Sunglass PUR Frame/PUR Temple | E60: 25200 | F60: PP | G60: PC | H60: Monotone | I60: Black | K60: Purple | L60: Purple | O60: Stainless Steel | P60: 140 mm | Q60: 48.5 mm | R60: 153 mm | S60: 53.5 mm | T60: 44 mm | U60: 20.15 gm | V60: 267C | W60: 267C | X60: 267C | Y60: 267C
C61: 4000 WHTBLU | D61: Sunglass WHT Frame/BLU Temple | E61: 33600 | F61: PP | G61: PC | H61: Monotone | I61: Black | K61: Blue | L61: White | O61: Stainless Steel | P61: 140 mm | Q61: 48.5 mm | R61: 153 mm | S61: 53.5 mm | T61: 44 mm | U61: 20.15 gm | V61: White | W61: 2144C | X61: White | Y61: 2144C
C62: 4000 WHTRED | D62: Sunglass WHT Frame/RED Temple | E62: 16800 | F62: PP | G62: PC | H62: Monotone | I62: Black | K62: Red | L62: White | O62: Stainless Steel | P62: 140 mm | Q62: 48.5 mm | R62: 153 mm | S62: 53.5 mm | T62: 44 mm | U62: 20.15 gm | V62: White | W62: 7628C | X62: White | Y62: 7628C
E63: =SUM(E56:E62) -> 134400
A65: 21-07-2025 | B65: 1163007 | C65: 6208WHTBLU | D65: Sunglass, WHT W/BLU Mirror lens | E65: 50400 | F65: PP | G65: PC | H65: Mirror | I65: Blue | K65: White | L65: White | O65: Stainless Steel | P65: 140 mm | Q65: 48.5 mm | R65: 153 mm | S65: 53.5 mm | T65: 44 mm | U65: 20.15 gm | V65: WHITE | W65: WHITE | X65: WHITE | Y65: WHITE
B66: Rubberised | C66: 6208WHTGRN | D66: Sunglass, WHT W/GRN Mirror lens | E66: 50400 | F66: PP | G66: PC | H66: Mirror | I66: Green | K66: White | L66: White | O66: Stainless Steel | P66: 140 mm | Q66: 48.5 mm | R66: 153 mm | S66: 53.5 mm | T66: 44 mm | U66: 20.15 gm | V66: WHITE | W66: WHITE | X66: WHITE | Y66: WHITE
C67: 6208WHTSIL | D67: Sunglass, WHT W/SIL Mirror lens | E67: 8400 | F67: PP | G67: PC | H67: Mirror | I67: Silver | K67: White | L67: White | O67: Stainless Steel | P67: 140 mm | Q67: 48.5 mm | R67: 153 mm | S67: 53.5 mm | T67: 44 mm | U67: 20.15 gm | V67: WHITE | W67: WHITE | X67: WHITE | Y67: WHITE
C68: 6208WHTYEL | D68: Sunglass, WHT W/YEL Mirror lens | E68: 16800 | F68: PP | G68: PC | H68: Mirror | I68: Yellow | K68: White | L68: White | O68: Stainless Steel | P68: 140 mm | Q68: 48.5 mm | R68: 153 mm | S68: 53.5 mm | T68: 44 mm | U68: 20.15 gm | V68: WHITE | W68: WHITE | X68: WHITE | Y68: WHITE
E69: =SUM(E65:E68) -> 126000
A71: 21-07-2025 | B71: 1163008 | C71: 4001BLKBLU | D71: Glasses, BLKBLU W/BLU Tint Lens | E71: 25200 | F71: PP | G71: PC | H71: Tinted | I71: Blue | K71: Blue | L71: Black | O71: Stainless Steel | P71: 140 mm | Q71: 48.5 mm | R71: 153 mm | S71: 53.5 mm | T71: 44 mm | U71: 20.15 gm | V71: Black C | W71: 2144C | X71: Black C | Y71: 2144C
C72: 4001BLKORN | D72: Glasses, BLKORN W/ORN Tint Lens | E72: 8400 | F72: PP | G72: PC | H72: Tinted | I72: Orange | K72: Orange | L72: Black | O72: Stainless Steel | P72: 140 mm | Q72: 48.5 mm | R72: 153 mm | S72: 53.5 mm | T72: 44 mm | U72: 20.15 gm | V72: Black C | W72: 1645C | X72: Black C | Y72: 1645C
E73: =SUM(E71:E72) -> 33600
A75: 21-07-2025 | B75: 1163010 | C75: 3991NEONBLUBLK | D75: Sunglass Blue Frame/Black Arms | E75: 8400 | F75: PP | G75: PC | H75: Monotone | I75: Black | K75: Black | L75: Blue | O75: Stainless Steel | P75: 140 mm | Q75: 48.5 mm | R75: 153 mm | S75: 53.5 mm | T75: 44 mm | U75: 20.15 gm | V75: 2174c | W75: Black C | X75: 2174c | Y75: Black C
C76: 3991NEONORNBLK | D76: Sunglass Orange Frame/Black Arms | E76: 8400 | F76: PP | G76: PC | H76: Monotone | I76: Black | K76: Black | L76: Orange | O76: Stainless Steel | P76: 140 mm | Q76: 48.5 mm | R76: 153 mm | S76: 53.5 mm | T76: 44 mm | U76: 20.15 gm | V76: 1645C | W76: Black C | X76: 1645C | Y76: Black C
E77: =SUM(E75:E76) -> 16800
E79: =E77+E73+E63+E54+E43+E36+E29+E19+E12+E69 -> 1806000

Sheet Raw Material Requirement
A1: Raw Material Requirement
A3: Pantone Code | B3: Color | C3: Temple Quantity (ABS) | D3: Frame Quantity (ABS) | E3: Temple Weight - Each (Gm) | F3: Frame Weight (Gm) | G3: ABS Requirement (kg) | H3: ABS Masterbatch (kg) | I3: Temple Quantity (Clear ABS) | J3: Frame Quantity (Clear ABS) | K3: Clear ABS Requirement (kg) | L3: Temple Weight - Each (Gm) | M3: Frame Weight (Gm) | N3: Temple Quantity (PP) | O3: Frame Quantity (PP) | P3: PP Requirement (kg) | Q3: PP Masterbatch requirement (kg) | R3: Rubberised paint required (kg)
A4: Black 6C | B4: =_xlfn.XLOOKUP(A4,'Sunglasses BOM'!$W$7:$W$76,'Sunglasses BOM'!$K$7:$K$76) -> Black | C4: =IFERROR(2*SUMIFS('Sunglasses BOM'!$E:$E, 'Sunglasses BOM'!$F:$F,"ABS", 'Sunglasses BOM'!$W:$W,$A4),0) -> 436800 | D4: =IFERROR(SUMIFS('Sunglasses BOM'!$E:$E, 'Sunglasses BOM'!$F:$F,"ABS", 'Sunglasses BOM'!$V:$V,$A4),0) -> 218400 | E4: 3.8 | F4: 6.4 | G4: =((F4*D4)+(E4*C4))/1000 -> 3057.6 | H4: =G4*0.02 -> 61.152 | I4: =IFERROR(2*SUMIFS('Sunglasses BOM'!$E:$E, 'Sunglasses BOM'!$F:$F,"Clear ABS", 'Sunglasses BOM'!$W:$W,$A4),0) -> 0 | J4: =IFERROR(SUMIFS('Sunglasses BOM'!$E:$E, 'Sunglasses BOM'!$F:$F,"Clear ABS", 'Sunglasses BOM'!$V:$V,$A4),0) -> 0 | K4: =(J4*F4)+(I4*E4) -> 0 | L4: 2.95 | M4: 7.4 | N4: =IFERROR(2*SUMIFS('Sunglasses BOM'!$E:$E, 'Sunglasses BOM'!$F:$F,"PP", 'Sunglasses BOM'!$W:$W,$A4),0) -> 0 | O4: =IFERROR(SUMIFS('Sunglasses BOM'!$E:$E, 'Sunglasses BOM'!$F:$F,"PP", 'Sunglasses BOM'!$V:$V,$A4),0) -> 0 | P4: =((O4*M4)+(N4*L4))/1000 -> 0 | Q4: =P4*0.02 -> 0
A5: 648C | B5: =_xlfn.XLOOKUP(A5,'Sunglasses BOM'!$W$7:$W$76,'Sunglasses BOM'!$K$7:$K$76) -> Navy | C5: =IFERROR(2*SUMIFS('Sunglasses BOM'!$E:$E, 'Sunglasses BOM'!$F:$F,"ABS", 'Sunglasses BOM'!$W:$W,$A5),0) -> 201600 | D5: =IFERROR(SUMIFS('Sunglasses BOM'!$E:$E, 'Sunglasses BOM'!$F:$F,"ABS", 'Sunglasses BOM'!$V:$V,$A5),0) -> 100800 | E5: 3.8 | F5: 6.4 | G5: =((F5*D5)+(E5*C5))/1000 -> 1411.2 | H5: =G5*0.02 -> 28.224 | I5: =IFERROR(2*SUMIFS('Sunglasses BOM'!$E:$E, 'Sunglasses BOM'!$F:$F,"Clear ABS", 'Sunglasses BOM'!$W:$W,$A5),0) -> 0 | J5: =IFERROR(SUMIFS('Sunglasses BOM'!$E:$E, 'Sunglasses BOM'!$F:$F,"Clear ABS", 'Sunglasses BOM'!$V:$V,$A5),0) -> 0 | K5: =(J5*F5)+(I5*E5) -> 0 | L5: 2.95 | M5: 7.4 | N5: =IFERROR(2*SUMIFS('Sunglasses BOM'!$E:$E, 'Sunglasses BOM'!$F:$F,"PP", 'Sunglasses BOM'!$W:$W,$A5),0) -> 0 | O5: =IFERROR(SUMIFS('Sunglasses BOM'!$E:$E, 'Sunglasses BOM'!$F:$F,"PP", 'Sunglasses BOM'!$V:$V,$A5),0) -> 0 | P5: =((O5*M5)+(N5*L5))/1000 -> 0 | Q5: =P5*0.02 -> 0
A6: 1807C | B6: =_xlfn.XLOOKUP(A6,'Sunglasses BOM'!$W$7:$W$76,'Sunglasses BOM'!$K$7:$K$76) -> Red | C6: =IFERROR(2*SUMIFS('Sunglasses BOM'!$E:$E, 'Sunglasses BOM'!$F:$F,"ABS", 'Sunglasses BOM'!$W:$W,$A6),0) -> 302400 | D6: =IFERROR(SUMIFS('Sunglasses BOM'!$E:$E, 'Sunglasses BOM'!$F:$F,"ABS", 'Sunglasses BOM'!$V:$V,$A6),0) -> 151200 | E6: 3.8 | F6: 6.4 | G6: =((F6*D6)+(E6*C6))/1000 -> 2116.8 | H6: =G6*0.02 -> 42.336 | I6: =IFERROR(2*SUMIFS('Sunglasses BOM'!$E:$E, 'Sunglasses BOM'!$F:$F,"Clear ABS", 'Sunglasses BOM'!$W:$W,$A6),0) -> 0 | J6: =IFERROR(SUMIFS('Sunglasses BOM'!$E:$E, 'Sunglasses BOM'!$F:$F,"Clear ABS", 'Sunglasses BOM'!$V:$V,$A6),0) -> 0 | K6: =(J6*F6)+(I6*E6) -> 0 | L6: 2.95 | M6: 7.4 | N6: =IFERROR(2*SUMIFS('Sunglasses BOM'!$E:$E, 'Sunglasses BOM'!$F:$F,"PP", 'Sunglasses BOM'!$W:$W,$A6),0) -> 0 | O6: =IFERROR(SUMIFS('Sunglasses BOM'!$E:$E, 'Sunglasses BOM'!$F:$F,"PP", 'Sunglasses BOM'!$V:$V,$A6),0) -> 0 | P6: =((O6*M6)+(N6*L6))/1000 -> 0 | Q6: =P6*0.02 -> 0
A7: 2746C | B7: =_xlfn.XLOOKUP(A7,'Sunglasses BOM'!$W$7:$W$76,'Sunglasses BOM'!$K$7:$K$76) -> Royal | C7: =IFERROR(2*SUMIFS('Sunglasses BOM'!$E:$E, 'Sunglasses BOM'!$F:$F,"ABS", 'Sunglasses BOM'!$W:$W,$A7),0) -> 201600 | D7: =IFERROR(SUMIFS('Sunglasses BOM'!$E:$E, 'Sunglasses BOM'!$F:$F,"ABS", 'Sunglasses BOM'!$V:$V,$A7),0) -> 100800 | E7: 3.8 | F7: 6.4 | G7: =((F7*D7)+(E7*C7))/1000 -> 1411.2 | H7: =G7*0.02 -> 28.224 | I7: =IFERROR(2*SUMIFS('Sunglasses BOM'!$E:$E, 'Sunglasses BOM'!$F:$F,"Clear ABS", 'Sunglasses BOM'!$W:$W,$A7),0) -> 0 | J7: =IFERROR(SUMIFS('Sunglasses BOM'!$E:$E, 'Sunglasses BOM'!$F:$F,"Clear ABS", 'Sunglasses BOM'!$V:$V,$A7),0) -> 0 | K7: =(J7*F7)+(I7*E7) -> 0 | L7: 2.95 | M7: 7.4 | N7: =IFERROR(2*SUMIFS('Sunglasses BOM'!$E:$E, 'Sunglasses BOM'!$F:$F,"PP", 'Sunglasses BOM'!$W:$W,$A7),0) -> 0 | O7: =IFERROR(SUMIFS('Sunglasses BOM'!$E:$E, 'Sunglasses BOM'!$F:$F,"PP", 'Sunglasses BOM'!$V:$V,$A7),0) -> 0 | P7: =((O7*M7)+(N7*L7))/1000 -> 0 | Q7: =P7*0.02 -> 0
A8: WHITE | B8: =_xlfn.XLOOKUP(A8,'Sunglasses BOM'!$W$7:$W$76,'Sunglasses BOM'!$K$7:$K$76) -> White | C8: =IFERROR(2*SUMIFS('Sunglasses BOM'!$E:$E, 'Sunglasses BOM'!$F:$F,"ABS", 'Sunglasses BOM'!$W:$W,$A8),0) -> 268800 | D8: =IFERROR(SUMIFS('Sunglasses BOM'!$E:$E, 'Sunglasses BOM'!$F:$F,"ABS", 'Sunglasses BOM'!$V:$V,$A8),0) -> 134400 | E8: 3.8 | F8: 6.4 | G8: =((F8*D8)+(E8*C8))/1000 -> 1881.6 | H8: =G8*0.02 -> 37.632 | I8: =IFERROR(2*SUMIFS('Sunglasses BOM'!$E:$E, 'Sunglasses BOM'!$F:$F,"Clear ABS", 'Sunglasses BOM'!$W:$W,$A8),0) -> 0 | J8: =IFERROR(SUMIFS('Sunglasses BOM'!$E:$E, 'Sunglasses BOM'!$F:$F,"Clear ABS", 'Sunglasses BOM'!$V:$V,$A8),0) -> 0 | K8: =(J8*F8)+(I8*E8) -> 0 | L8: 2.95 | M8: 7.4 | N8: =IFERROR(2*SUMIFS('Sunglasses BOM'!$E:$E, 'Sunglasses BOM'!$F:$F,"PP", 'Sunglasses BOM'!$W:$W,$A8),0) -> 403200 | O8: =IFERROR(SUMIFS('Sunglasses BOM'!$E:$E, 'Sunglasses BOM'!$F:$F,"PP", 'Sunglasses BOM'!$V:$V,$A8),0) -> 252000 | P8: =((O8*M8)+(N8*L8))/1000 -> 3054.24 | Q8: =P8*0.02 -> 61.0848
A9: 2187C | B9: =_xlfn.XLOOKUP(A9,'Sunglasses BOM'!$W$7:$W$76,'Sunglasses BOM'!$K$7:$K$76) -> Blue | C9: =IFERROR(2*SUMIFS('Sunglasses BOM'!$E:$E, 'Sunglasses BOM'!$F:$F,"ABS", 'Sunglasses BOM'!$W:$W,$A9),0) -> 100800 | D9: =IFERROR(SUMIFS('Sunglasses BOM'!$E:$E, 'Sunglasses BOM'!$F:$F,"ABS", 'Sunglasses BOM'!$V:$V,$A9),0) -> 50400 | E9: 3.8 | F9: 6.4 | G9: =((F9*D9)+(E9*C9))/1000 -> 705.6 | H9: =G9*0.02 -> 14.112 | I9: =IFERROR(2*SUMIFS('Sunglasses BOM'!$E:$E, 'Sunglasses BOM'!$F:$F,"Clear ABS", 'Sunglasses BOM'!$W:$W,$A9),0) -> 0 | J9: =IFERROR(SUMIFS('Sunglasses BOM'!$E:$E, 'Sunglasses BOM'!$F:$F,"Clear ABS", 'Sunglasses BOM'!$V:$V,$A9),0) -> 0 | K9: =(J9*F9)+(I9*E9) -> 0 | L9: 2.95 | M9: 7.4 | N9: =IFERROR(2*SUMIFS('Sunglasses BOM'!$E:$E, 'Sunglasses BOM'!$F:$F,"PP", 'Sunglasses BOM'!$W:$W,$A9),0) -> 0 | O9: =IFERROR(SUMIFS('Sunglasses BOM'!$E:$E, 'Sunglasses BOM'!$F:$F,"PP", 'Sunglasses BOM'!$V:$V,$A9),0) -> 0 | P9: =((O9*M9)+(N9*L9))/1000 -> 0 | Q9: =P9*0.02 -> 0
A10: 368C | B10: =_xlfn.XLOOKUP(A10,'Sunglasses BOM'!$W$7:$W$76,'Sunglasses BOM'!$K$7:$K$76) -> Lime | C10: =IFERROR(2*SUMIFS('Sunglasses BOM'!$E:$E, 'Sunglasses BOM'!$F:$F,"ABS", 'Sunglasses BOM'!$W:$W,$A10),0) -> 50400 | D10: =IFERROR(SUMIFS('Sunglasses BOM'!$E:$E, 'Sunglasses BOM'!$F:$F,"ABS", 'Sunglasses BOM'!$V:$V,$A10),0) -> 25200 | E10: 3.8 | F10: 6.4 | G10: =((F10*D10)+(E10*C10))/1000 -> 352.8 | H10: =G10*0.02 -> 7.056 | I10: =IFERROR(2*SUMIFS('Sunglasses BOM'!$E:$E, 'Sunglasses BOM'!$F:$F,"Clear ABS", 'Sunglasses BOM'!$W:$W,$A10),0) -> 0 | J10: =IFERROR(SUMIFS('Sunglasses BOM'!$E:$E, 'Sunglasses BOM'!$F:$F,"Clear ABS", 'Sunglasses BOM'!$V:$V,$A10),0) -> 0 | K10: =(J10*F10)+(I10*E10) -> 0 | L10: 2.95 | M10: 7.4 | N10: =IFERROR(2*SUMIFS('Sunglasses BOM'!$E:$E, 'Sunglasses BOM'!$F:$F,"PP", 'Sunglasses BOM'!$W:$W,$A10),0) -> 0 | O10: =IFERROR(SUMIFS('Sunglasses BOM'!$E:$E, 'Sunglasses BOM'!$F:$F,"PP", 'Sunglasses BOM'!$V:$V,$A10),0) -> 0 | P10: =((O10*M10)+(N10*L10))/1000 -> 0 | Q10: =P10*0.02 -> 0
A11: 1655C | B11: =_xlfn.XLOOKUP(A11,'Sunglasses BOM'!$W$7:$W$76,'Sunglasses BOM'!$K$7:$K$76) -> Orange | C11: =IFERROR(2*SUMIFS('Sunglasses BOM'!$E:$E, 'Sunglasses BOM'!$F:$F,"ABS", 'Sunglasses BOM'!$W:$W,$A11),0) -> 50400 | D11: =IFERROR(SUMIFS('Sunglasses BOM'!$E:$E, 'Sunglasses BOM'!$F:$F,"ABS", 'Sunglasses BOM'!$V:$V,$A11),0) -> 25200 | E11: 3.8 | F11: 6.4 | G11: =((F11*D11)+(E11*C11))/1000 -> 352.8 | H11: =G11*0.02 -> 7.056 | I11: =IFERROR(2*SUMIFS('Sunglasses BOM'!$E:$E, 'Sunglasses BOM'!$F:$F,"Clear ABS", 'Sunglasses BOM'!$W:$W,$A11),0) -> 0 | J11: =IFERROR(SUMIFS('Sunglasses BOM'!$E:$E, 'Sunglasses BOM'!$F:$F,"Clear ABS", 'Sunglasses BOM'!$V:$V,$A11),0) -> 0 | K11: =(J11*F11)+(I11*E11) -> 0 | L11: 2.95 | M11: 7.4 | N11: =IFERROR(2*SUMIFS('Sunglasses BOM'!$E:$E, 'Sunglasses BOM'!$F:$F,"PP", 'Sunglasses BOM'!$W:$W,$A11),0) -> 0 | O11: =IFERROR(SUMIFS('Sunglasses BOM'!$E:$E, 'Sunglasses BOM'!$F:$F,"PP", 'Sunglasses BOM'!$V:$V,$A11),0) -> 0 | P11: =((O11*M11)+(N11*L11))/1000 -> 0 | Q11: =P11*0.02 -> 0
A12: 201C | B12: =_xlfn.XLOOKUP(A12,'Sunglasses BOM'!$W$7:$W$76,'Sunglasses BOM'!$K$7:$K$76) -> Red | C12: =IFERROR(2*SUMIFS('Sunglasses BOM'!$E:$E, 'Sunglasses BOM'!$F:$F,"ABS", 'Sunglasses BOM'!$W:$W,$A12),0) -> 67200 | D12: =IFERROR(SUMIFS('Sunglasses BOM'!$E:$E, 'Sunglasses BOM'!$F:$F,"ABS", 'Sunglasses BOM'!$V:$V,$A12),0) -> 33600 | E12: 3.8 | F12: 6.4 | G12: =((F12*D12)+(E12*C12))/1000 -> 470.4 | H12: =G12*0.02 -> 9.408 | I12: =IFERROR(2*SUMIFS('Sunglasses BOM'!$E:$E, 'Sunglasses BOM'!$F:$F,"Clear ABS", 'Sunglasses BOM'!$W:$W,$A12),0) -> 0 | J12: =IFERROR(SUMIFS('Sunglasses BOM'!$E:$E, 'Sunglasses BOM'!$F:$F,"Clear ABS", 'Sunglasses BOM'!$V:$V,$A12),0) -> 0 | K12: =(J12*F12)+(I12*E12) -> 0 | L12: 2.95 | M12: 7.4 | N12: =IFERROR(2*SUMIFS('Sunglasses BOM'!$E:$E, 'Sunglasses BOM'!$F:$F,"PP", 'Sunglasses BOM'!$W:$W,$A12),0) -> 0 | O12: =IFERROR(SUMIFS('Sunglasses BOM'!$E:$E, 'Sunglasses BOM'!$F:$F,"PP", 'Sunglasses BOM'!$V:$V,$A12),0) -> 0 | P12: =((O12*M12)+(N12*L12))/1000 -> 0 | Q12: =P12*0.02 -> 0
A13: 107C | B13: =_xlfn.XLOOKUP(A13,'Sunglasses BOM'!$W$7:$W$76,'Sunglasses BOM'!$K$7:$K$76) -> Yellow | C13: =IFERROR(2*SUMIFS('Sunglasses BOM'!$E:$E, 'Sunglasses BOM'!$F:$F,"ABS", 'Sunglasses BOM'!$W:$W,$A13),0) -> 16800 | D13: =IFERROR(SUMIFS('Sunglasses BOM'!$E:$E, 'Sunglasses BOM'!$F:$F,"ABS", 'Sunglasses BOM'!$V:$V,$A13),0) -> 8400 | E13: 3.8 | F13: 6.4 | G13: =((F13*D13)+(E13*C13))/1000 -> 117.6 | H13: =G13*0.02 -> 2.352 | I13: =IFERROR(2*SUMIFS('Sunglasses BOM'!$E:$E, 'Sunglasses BOM'!$F:$F,"Clear ABS", 'Sunglasses BOM'!$W:$W,$A13),0) -> 0 | J13: =IFERROR(SUMIFS('Sunglasses BOM'!$E:$E, 'Sunglasses BOM'!$F:$F,"Clear ABS", 'Sunglasses BOM'!$V:$V,$A13),0) -> 0 | K13: =(J13*F13)+(I13*E13) -> 0 | L13: 2.95 | M13: 7.4 | N13: =IFERROR(2*SUMIFS('Sunglasses BOM'!$E:$E, 'Sunglasses BOM'!$F:$F,"PP", 'Sunglasses BOM'!$W:$W,$A13),0) -> 0 | O13: =IFERROR(SUMIFS('Sunglasses BOM'!$E:$E, 'Sunglasses BOM'!$F:$F,"PP", 'Sunglasses BOM'!$V:$V,$A13),0) -> 0 | P13: =((O13*M13)+(N13*L13))/1000 -> 0 | Q13: =P13*0.02 -> 0
A14: Clear | B14: =_xlfn.XLOOKUP(A14,'Sunglasses BOM'!$W$7:$W$76,'Sunglasses BOM'!$K$7:$K$76) -> Clear | C14: =IFERROR(2*SUMIFS('Sunglasses BOM'!$E:$E, 'Sunglasses BOM'!$F:$F,"ABS", 'Sunglasses BOM'!$W:$W,$A14),0) -> 0 | D14: =IFERROR(SUMIFS('Sunglasses BOM'!$E:$E, 'Sunglasses BOM'!$F:$F,"ABS", 'Sunglasses BOM'!$V:$V,$A14),0) -> 0 | E14: 3.8 | F14: 6.4 | G14: =((F14*D14)+(E14*C14))/1000 -> 0 | H14: =G14*0.02 -> 0 | I14: =IFERROR(2*SUMIFS('Sunglasses BOM'!$E:$E, 'Sunglasses BOM'!$F:$F,"Clear ABS", 'Sunglasses BOM'!$W:$W,$A14),0) -> 235200 | J14: =IFERROR(SUMIFS('Sunglasses BOM'!$E:$E, 'Sunglasses BOM'!$F:$F,"Clear ABS", 'Sunglasses BOM'!$V:$V,$A14),0) -> 117600 | K14: =((J14*F14)+(I14*E14))/1000 -> 1646.4 | L14: 2.95 | M14: 7.4 | N14: =IFERROR(2*SUMIFS('Sunglasses BOM'!$E:$E, 'Sunglasses BOM'!$F:$F,"PP", 'Sunglasses BOM'!$W:$W,$A14),0) -> 0 | O14: =IFERROR(SUMIFS('Sunglasses BOM'!$E:$E, 'Sunglasses BOM'!$F:$F,"PP", 'Sunglasses BOM'!$V:$V,$A14),0) -> 0 | P14: =((O14*M14)+(N14*L14))/1000 -> 0 | Q14: =P14*0.02 -> 0
A15: 7405C | B15: =_xlfn.XLOOKUP(A15,'Sunglasses BOM'!$W$7:$W$76,'Sunglasses BOM'!$K$7:$K$76) -> Bright Yellow | C15: =IFERROR(2*SUMIFS('Sunglasses BOM'!$E:$E, 'Sunglasses BOM'!$F:$F,"ABS", 'Sunglasses BOM'!$W:$W,$A15),0) -> 33600 | D15: =IFERROR(SUMIFS('Sunglasses BOM'!$E:$E, 'Sunglasses BOM'!$F:$F,"ABS", 'Sunglasses BOM'!$V:$V,$A15),0) -> 16800 | E15: 3.8 | F15: 6.4 | G15: =((F15*D15)+(E15*C15))/1000 -> 235.2 | H15: =G15*0.02 -> 4.704 | I15: =IFERROR(2*SUMIFS('Sunglasses BOM'!$E:$E, 'Sunglasses BOM'!$F:$F,"Clear ABS", 'Sunglasses BOM'!$W:$W,$A15),0) -> 0 | J15: =IFERROR(SUMIFS('Sunglasses BOM'!$E:$E, 'Sunglasses BOM'!$F:$F,"Clear ABS", 'Sunglasses BOM'!$V:$V,$A15),0) -> 0 | K15: =(J15*F15)+(I15*E15) -> 0 | L15: 2.95 | M15: 7.4 | N15: =IFERROR(2*SUMIFS('Sunglasses BOM'!$E:$E, 'Sunglasses BOM'!$F:$F,"PP", 'Sunglasses BOM'!$W:$W,$A15),0) -> 0 | O15: =IFERROR(SUMIFS('Sunglasses BOM'!$E:$E, 'Sunglasses BOM'!$F:$F,"PP", 'Sunglasses BOM'!$V:$V,$A15),0) -> 0 | P15: =((O15*M15)+(N15*L15))/1000 -> 0 | Q15: =P15*0.02 -> 0
A16: 14-4318 TCX | B16: =_xlfn.XLOOKUP(A16,'Sunglasses BOM'!$W$7:$W$76,'Sunglasses BOM'!$K$7:$K$76) -> Light Blue | C16: =IFERROR(2*SUMIFS('Sunglasses BOM'!$E:$E, 'Sunglasses BOM'!$F:$F,"ABS", 'Sunglasses BOM'!$W:$W,$A16),0) -> 50400 | D16: =IFERROR(SUMIFS('Sunglasses BOM'!$E:$E, 'Sunglasses BOM'!$F:$F,"ABS", 'Sunglasses BOM'!$V:$V,$A16),0) -> 25200 | E16: 3.8 | F16: 6.4 | G16: =((F16*D16)+(E16*C16))/1000 -> 352.8 | H16: =G16*0.02 -> 7.056 | I16: =IFERROR(2*SUMIFS('Sunglasses BOM'!$E:$E, 'Sunglasses BOM'!$F:$F,"Clear ABS", 'Sunglasses BOM'!$W:$W,$A16),0) -> 0 | J16: =IFERROR(SUMIFS('Sunglasses BOM'!$E:$E, 'Sunglasses BOM'!$F:$F,"Clear ABS", 'Sunglasses BOM'!$V:$V,$A16),0) -> 0 | K16: =(J16*F16)+(I16*E16) -> 0 | L16: 2.95 | M16: 7.4 | N16: =IFERROR(2*SUMIFS('Sunglasses BOM'!$E:$E, 'Sunglasses BOM'!$F:$F,"PP", 'Sunglasses BOM'!$W:$W,$A16),0) -> 0 | O16: =IFERROR(SUMIFS('Sunglasses BOM'!$E:$E, 'Sunglasses BOM'!$F:$F,"PP", 'Sunglasses BOM'!$V:$V,$A16),0) -> 0 | P16: =((O16*M16)+(N16*L16))/1000 -> 0 | Q16: =P16*0.02 -> 0
A17: Cool Gray 8C | B17: =_xlfn.XLOOKUP(A17,'Sunglasses BOM'!$W$7:$W$76,'Sunglasses BOM'!$K$7:$K$76) -> Gray | C17: =IFERROR(2*SUMIFS('Sunglasses BOM'!$E:$E, 'Sunglasses BOM'!$F:$F,"ABS", 'Sunglasses BOM'!$W:$W,$A17),0) -> 33600 | D17: =IFERROR(SUMIFS('Sunglasses BOM'!$E:$E, 'Sunglasses BOM'!$F:$F,"ABS", 'Sunglasses BOM'!$V:$V,$A17),0) -> 16800 | E17: 3.8 | F17: 6.4 | G17: =((F17*D17)+(E17*C17))/1000 -> 235.2 | H17: =G17*0.02 -> 4.704 | I17: =IFERROR(2*SUMIFS('Sunglasses BOM'!$E:$E, 'Sunglasses BOM'!$F:$F,"Clear ABS", 'Sunglasses BOM'!$W:$W,$A17),0) -> 0 | J17: =IFERROR(SUMIFS('Sunglasses BOM'!$E:$E, 'Sunglasses BOM'!$F:$F,"Clear ABS", 'Sunglasses BOM'!$V:$V,$A17),0) -> 0 | K17: =(J17*F17)+(I17*E17) -> 0 | L17: 2.95 | M17: 7.4 | N17: =IFERROR(2*SUMIFS('Sunglasses BOM'!$E:$E, 'Sunglasses BOM'!$F:$F,"PP", 'Sunglasses BOM'!$W:$W,$A17),0) -> 0 | O17: =IFERROR(SUMIFS('Sunglasses BOM'!$E:$E, 'Sunglasses BOM'!$F:$F,"PP", 'Sunglasses BOM'!$V:$V,$A17),0) -> 0 | P17: =((O17*M17)+(N17*L17))/1000 -> 0 | Q17: =P17*0.02 -> 0
A18: 342C | B18: =_xlfn.XLOOKUP(A18,'Sunglasses BOM'!$W$7:$W$76,'Sunglasses BOM'!$K$7:$K$76) -> Kelly Green | C18: =IFERROR(2*SUMIFS('Sunglasses BOM'!$E:$E, 'Sunglasses BOM'!$F:$F,"ABS", 'Sunglasses BOM'!$W:$W,$A18),0) -> 33600 | D18: =IFERROR(SUMIFS('Sunglasses BOM'!$E:$E, 'Sunglasses BOM'!$F:$F,"ABS", 'Sunglasses BOM'!$V:$V,$A18),0) -> 16800 | E18: 3.8 | F18: 6.4 | G18: =((F18*D18)+(E18*C18))/1000 -> 235.2 | H18: =G18*0.02 -> 4.704 | I18: =IFERROR(2*SUMIFS('Sunglasses BOM'!$E:$E, 'Sunglasses BOM'!$F:$F,"Clear ABS", 'Sunglasses BOM'!$W:$W,$A18),0) -> 0 | J18: =IFERROR(SUMIFS('Sunglasses BOM'!$E:$E, 'Sunglasses BOM'!$F:$F,"Clear ABS", 'Sunglasses BOM'!$V:$V,$A18),0) -> 0 | K18: =(J18*F18)+(I18*E18) -> 0 | L18: 2.95 | M18: 7.4 | N18: =IFERROR(2*SUMIFS('Sunglasses BOM'!$E:$E, 'Sunglasses BOM'!$F:$F,"PP", 'Sunglasses BOM'!$W:$W,$A18),0) -> 0 | O18: =IFERROR(SUMIFS('Sunglasses BOM'!$E:$E, 'Sunglasses BOM'!$F:$F,"PP", 'Sunglasses BOM'!$V:$V,$A18),0) -> 0 | P18: =((O18*M18)+(N18*L18))/1000 -> 0 | Q18: =P18*0.02 -> 0
A19: 2077C | B19: =_xlfn.XLOOKUP(A19,'Sunglasses BOM'!$W$7:$W$76,'Sunglasses BOM'!$K$7:$K$76) -> Purple | C19: =IFERROR(2*SUMIFS('Sunglasses BOM'!$E:$E, 'Sunglasses BOM'!$F:$F,"ABS", 'Sunglasses BOM'!$W:$W,$A19),0) -> 33600 | D19: =IFERROR(SUMIFS('Sunglasses BOM'!$E:$E, 'Sunglasses BOM'!$F:$F,"ABS", 'Sunglasses BOM'!$V:$V,$A19),0) -> 16800 | E19: 3.8 | F19: 6.4 | G19: =((F19*D19)+(E19*C19))/1000 -> 235.2 | H19: =G19*0.02 -> 4.704 | I19: =IFERROR(2*SUMIFS('Sunglasses BOM'!$E:$E, 'Sunglasses BOM'!$F:$F,"Clear ABS", 'Sunglasses BOM'!$W:$W,$A19),0) -> 0 | J19: =IFERROR(SUMIFS('Sunglasses BOM'!$E:$E, 'Sunglasses BOM'!$F:$F,"Clear ABS", 'Sunglasses BOM'!$V:$V,$A19),0) -> 0 | K19: =(J19*F19)+(I19*E19) -> 0 | L19: 2.95 | M19: 7.4 | N19: =IFERROR(2*SUMIFS('Sunglasses BOM'!$E:$E, 'Sunglasses BOM'!$F:$F,"PP", 'Sunglasses BOM'!$W:$W,$A19),0) -> 0 | O19: =IFERROR(SUMIFS('Sunglasses BOM'!$E:$E, 'Sunglasses BOM'!$F:$F,"PP", 'Sunglasses BOM'!$V:$V,$A19),0) -> 0 | P19: =((O19*M19)+(N19*L19))/1000 -> 0 | Q19: =P19*0.02 -> 0
A20: Black C | B20: =_xlfn.XLOOKUP(A20,'Sunglasses BOM'!$W$7:$W$76,'Sunglasses BOM'!$K$7:$K$76) -> Black | C20: =IFERROR(2*SUMIFS('Sunglasses BOM'!$E:$E, 'Sunglasses BOM'!$F:$F,"ABS", 'Sunglasses BOM'!$W:$W,$A20),0) -> 0 | D20: =IFERROR(SUMIFS('Sunglasses BOM'!$E:$E, 'Sunglasses BOM'!$F:$F,"ABS", 'Sunglasses BOM'!$V:$V,$A20),0) -> 0 | E20: 0 | F20: 0 | G20: =((F20*D20)+(E20*C20))/1000 -> 0 | H20: =G20*0.02 -> 0 | I20: =IFERROR(2*SUMIFS('Sunglasses BOM'!$E:$E, 'Sunglasses BOM'!$F:$F,"Clear ABS", 'Sunglasses BOM'!$W:$W,$A20),0) -> 0 | J20: =IFERROR(SUMIFS('Sunglasses BOM'!$E:$E, 'Sunglasses BOM'!$F:$F,"Clear ABS", 'Sunglasses BOM'!$V:$V,$A20),0) -> 0 | K20: =(J20*F20)+(I20*E20) -> 0 | L20: 2.95 | M20: 7.4 | N20: =IFERROR(2*SUMIFS('Sunglasses BOM'!$E:$E, 'Sunglasses BOM'!$F:$F,"PP", 'Sunglasses BOM'!$W:$W,$A20),0) -> 268800 | O20: =IFERROR(SUMIFS('Sunglasses BOM'!$E:$E, 'Sunglasses BOM'!$F:$F,"PP", 'Sunglasses BOM'!$V:$V,$A20),0) -> 159600 | P20: =((O20*M20)+(N20*L20))/1000 -> 1974 | Q20: =P20*0.02 -> 39.48
A21: 2144C | B21: =_xlfn.XLOOKUP(A21,'Sunglasses BOM'!$W$7:$W$76,'Sunglasses BOM'!$K$7:$K$76) -> Blue | C21: =IFERROR(2*SUMIFS('Sunglasses BOM'!$E:$E, 'Sunglasses BOM'!$F:$F,"ABS", 'Sunglasses BOM'!$W:$W,$A21),0) -> 0 | D21: =IFERROR(SUMIFS('Sunglasses BOM'!$E:$E, 'Sunglasses BOM'!$F:$F,"ABS", 'Sunglasses BOM'!$V:$V,$A21),0) -> 0 | E21: 0 | F21: 0 | G21: =((F21*D21)+(E21*C21))/1000 -> 0 | H21: =G21*0.02 -> 0 | I21: =IFERROR(2*SUMIFS('Sunglasses BOM'!$E:$E, 'Sunglasses BOM'!$F:$F,"Clear ABS", 'Sunglasses BOM'!$W:$W,$A21),0) -> 0 | J21: =IFERROR(SUMIFS('Sunglasses BOM'!$E:$E, 'Sunglasses BOM'!$F:$F,"Clear ABS", 'Sunglasses BOM'!$V:$V,$A21),0) -> 0 | K21: =(J21*F21)+(I21*E21) -> 0 | L21: 2.95 | M21: 7.4 | N21: =IFERROR(2*SUMIFS('Sunglasses BOM'!$E:$E, 'Sunglasses BOM'!$F:$F,"PP", 'Sunglasses BOM'!$W:$W,$A21),0) -> 336000 | O21: =IFERROR(SUMIFS('Sunglasses BOM'!$E:$E, 'Sunglasses BOM'!$F:$F,"PP", 'Sunglasses BOM'!$V:$V,$A21),0) -> 109200 | P21: =((O21*M21)+(N21*L21))/1000 -> 1799.28 | Q21: =P21*0.02 -> 35.9856
A22: 2270C | B22: =_xlfn.XLOOKUP(A22,'Sunglasses BOM'!$W$7:$W$76,'Sunglasses BOM'!$K$7:$K$76) -> Green | C22: =IFERROR(2*SUMIFS('Sunglasses BOM'!$E:$E, 'Sunglasses BOM'!$F:$F,"ABS", 'Sunglasses BOM'!$W:$W,$A22),0) -> 0 | D22: =IFERROR(SUMIFS('Sunglasses BOM'!$E:$E, 'Sunglasses BOM'!$F:$F,"ABS", 'Sunglasses BOM'!$V:$V,$A22),0) -> 0 | E22: 0 | F22: 0 | G22: =((F22*D22)+(E22*C22))/1000 -> 0 | H22: =G22*0.02 -> 0 | I22: =IFERROR(2*SUMIFS('Sunglasses BOM'!$E:$E, 'Sunglasses BOM'!$F:$F,"Clear ABS", 'Sunglasses BOM'!$W:$W,$A22),0) -> 0 | J22: =IFERROR(SUMIFS('Sunglasses BOM'!$E:$E, 'Sunglasses BOM'!$F:$F,"Clear ABS", 'Sunglasses BOM'!$V:$V,$A22),0) -> 0 | K22: =(J22*F22)+(I22*E22) -> 0 | L22: 2.95 | M22: 7.4 | N22: =IFERROR(2*SUMIFS('Sunglasses BOM'!$E:$E, 'Sunglasses BOM'!$F:$F,"PP", 'Sunglasses BOM'!$W:$W,$A22),0) -> 100800 | O22: =IFERROR(SUMIFS('Sunglasses BOM'!$E:$E, 'Sunglasses BOM'!$F:$F,"PP", 'Sunglasses BOM'!$V:$V,$A22),0) -> 50400 | P22: =((O22*M22)+(N22*L22))/1000 -> 670.32 | Q22: =P22*0.02 -> 13.4064
A23: 7628C | B23: =_xlfn.XLOOKUP(A23,'Sunglasses BOM'!$W$7:$W$76,'Sunglasses BOM'!$K$7:$K$76) -> Red | C23: =IFERROR(2*SUMIFS('Sunglasses BOM'!$E:$E, 'Sunglasses BOM'!$F:$F,"ABS", 'Sunglasses BOM'!$W:$W,$A23),0) -> 0 | D23: =IFERROR(SUMIFS('Sunglasses BOM'!$E:$E, 'Sunglasses BOM'!$F:$F,"ABS", 'Sunglasses BOM'!$V:$V,$A23),0) -> 0 | E23: 0 | F23: 0 | G23: =((F23*D23)+(E23*C23))/1000 -> 0 | H23: =G23*0.02 -> 0 | I23: =IFERROR(2*SUMIFS('Sunglasses BOM'!$E:$E, 'Sunglasses BOM'!$F:$F,"Clear ABS", 'Sunglasses BOM'!$W:$W,$A23),0) -> 0 | J23: =IFERROR(SUMIFS('Sunglasses BOM'!$E:$E, 'Sunglasses BOM'!$F:$F,"Clear ABS", 'Sunglasses BOM'!$V:$V,$A23),0) -> 0 | K23: =(J23*F23)+(I23*E23) -> 0 | L23: 2.95 | M23: 7.4 | N23: =IFERROR(2*SUMIFS('Sunglasses BOM'!$E:$E, 'Sunglasses BOM'!$F:$F,"PP", 'Sunglasses BOM'!$W:$W,$A23),0) -> 201600 | O23: =IFERROR(SUMIFS('Sunglasses BOM'!$E:$E, 'Sunglasses BOM'!$F:$F,"PP", 'Sunglasses BOM'!$V:$V,$A23),0) -> 84000 | P23: =((O23*M23)+(N23*L23))/1000 -> 1216.32 | Q23: =P23*0.02 -> 24.3264
A24: 423C | B24: =_xlfn.XLOOKUP(A24,'Sunglasses BOM'!$W$7:$W$76,'Sunglasses BOM'!$K$7:$K$76) -> Grey | C24: =IFERROR(2*SUMIFS('Sunglasses BOM'!$E:$E, 'Sunglasses BOM'!$F:$F,"ABS", 'Sunglasses BOM'!$W:$W,$A24),0) -> 0 | D24: =IFERROR(SUMIFS('Sunglasses BOM'!$E:$E, 'Sunglasses BOM'!$F:$F,"ABS", 'Sunglasses BOM'!$V:$V,$A24),0) -> 0 | E24: 0 | F24: 0 | G24: =((F24*D24)+(E24*C24))/1000 -> 0 | H24: =G24*0.02 -> 0 | I24: =IFERROR(2*SUMIFS('Sunglasses BOM'!$E:$E, 'Sunglasses BOM'!$F:$F,"Clear ABS", 'Sunglasses BOM'!$W:$W,$A24),0) -> 0 | J24: =IFERROR(SUMIFS('Sunglasses BOM'!$E:$E, 'Sunglasses BOM'!$F:$F,"Clear ABS", 'Sunglasses BOM'!$V:$V,$A24),0) -> 0 | K24: =(J24*F24)+(I24*E24) -> 0 | L24: 2.95 | M24: 7.4 | N24: =IFERROR(2*SUMIFS('Sunglasses BOM'!$E:$E, 'Sunglasses BOM'!$F:$F,"PP", 'Sunglasses BOM'!$W:$W,$A24),0) -> 16800 | O24: =IFERROR(SUMIFS('Sunglasses BOM'!$E:$E, 'Sunglasses BOM'!$F:$F,"PP", 'Sunglasses BOM'!$V:$V,$A24),0) -> 0 | P24: =((O24*M24)+(N24*L24))/1000 -> 49.56 | Q24: =P24*0.02 -> 0.9912
A25: 7428C | B25: =_xlfn.XLOOKUP(A25,'Sunglasses BOM'!$W$7:$W$76,'Sunglasses BOM'!$K$7:$K$76) -> Mar | C25: =IFERROR(2*SUMIFS('Sunglasses BOM'!$E:$E, 'Sunglasses BOM'!$F:$F,"ABS", 'Sunglasses BOM'!$W:$W,$A25),0) -> 0 | D25: =IFERROR(SUMIFS('Sunglasses BOM'!$E:$E, 'Sunglasses BOM'!$F:$F,"ABS", 'Sunglasses BOM'!$V:$V,$A25),0) -> 0 | E25: 0 | F25: 0 | G25: =((F25*D25)+(E25*C25))/1000 -> 0 | H25: =G25*0.02 -> 0 | I25: =IFERROR(2*SUMIFS('Sunglasses BOM'!$E:$E, 'Sunglasses BOM'!$F:$F,"Clear ABS", 'Sunglasses BOM'!$W:$W,$A25),0) -> 0 | J25: =IFERROR(SUMIFS('Sunglasses BOM'!$E:$E, 'Sunglasses BOM'!$F:$F,"Clear ABS", 'Sunglasses BOM'!$V:$V,$A25),0) -> 0 | K25: =(J25*F25)+(I25*E25) -> 0 | L25: 2.95 | M25: 7.4 | N25: =IFERROR(2*SUMIFS('Sunglasses BOM'!$E:$E, 'Sunglasses BOM'!$F:$F,"PP", 'Sunglasses BOM'!$W:$W,$A25),0) -> 16800 | O25: =IFERROR(SUMIFS('Sunglasses BOM'!$E:$E, 'Sunglasses BOM'!$F:$F,"PP", 'Sunglasses BOM'!$V:$V,$A25),0) -> 8400 | P25: =((O25*M25)+(N25*L25))/1000 -> 111.72 | Q25: =P25*0.02 -> 2.2344
A26: 1645C | B26: =_xlfn.XLOOKUP(A26,'Sunglasses BOM'!$W$7:$W$76,'Sunglasses BOM'!$K$7:$K$76) -> Orange | C26: =IFERROR(2*SUMIFS('Sunglasses BOM'!$E:$E, 'Sunglasses BOM'!$F:$F,"ABS", 'Sunglasses BOM'!$W:$W,$A26),0) -> 0 | D26: =IFERROR(SUMIFS('Sunglasses BOM'!$E:$E, 'Sunglasses BOM'!$F:$F,"ABS", 'Sunglasses BOM'!$V:$V,$A26),0) -> 0 | E26: 0 | F26: 0 | G26: =((F26*D26)+(E26*C26))/1000 -> 0 | H26: =G26*0.02 -> 0 | I26: =IFERROR(2*SUMIFS('Sunglasses BOM'!$E:$E, 'Sunglasses BOM'!$F:$F,"Clear ABS", 'Sunglasses BOM'!$W:$W,$A26),0) -> 0 | J26: =IFERROR(SUMIFS('Sunglasses BOM'!$E:$E, 'Sunglasses BOM'!$F:$F,"Clear ABS", 'Sunglasses BOM'!$V:$V,$A26),0) -> 0 | K26: =(J26*F26)+(I26*E26) -> 0 | L26: 2.95 | M26: 7.4 | N26: =IFERROR(2*SUMIFS('Sunglasses BOM'!$E:$E, 'Sunglasses BOM'!$F:$F,"PP", 'Sunglasses BOM'!$W:$W,$A26),0) -> 100800 | O26: =IFERROR(SUMIFS('Sunglasses BOM'!$E:$E, 'Sunglasses BOM'!$F:$F,"PP", 'Sunglasses BOM'!$V:$V,$A26),0) -> 50400 | P26: =((O26*M26)+(N26*L26))/1000 -> 670.32 | Q26: =P26*0.02 -> 13.4064
A27: 267C | B27: =_xlfn.XLOOKUP(A27,'Sunglasses BOM'!$W$7:$W$76,'Sunglasses BOM'!$K$7:$K$76) -> Purple | C27: =IFERROR(2*SUMIFS('Sunglasses BOM'!$E:$E, 'Sunglasses BOM'!$F:$F,"ABS", 'Sunglasses BOM'!$W:$W,$A27),0) -> 0 | D27: =IFERROR(SUMIFS('Sunglasses BOM'!$E:$E, 'Sunglasses BOM'!$F:$F,"ABS", 'Sunglasses BOM'!$V:$V,$A27),0) -> 0 | E27: 0 | F27: 0 | G27: =((F27*D27)+(E27*C27))/1000 -> 0 | H27: =G27*0.02 -> 0 | I27: =IFERROR(2*SUMIFS('Sunglasses BOM'!$E:$E, 'Sunglasses BOM'!$F:$F,"Clear ABS", 'Sunglasses BOM'!$W:$W,$A27),0) -> 0 | J27: =IFERROR(SUMIFS('Sunglasses BOM'!$E:$E, 'Sunglasses BOM'!$F:$F,"Clear ABS", 'Sunglasses BOM'!$V:$V,$A27),0) -> 0 | K27: =(J27*F27)+(I27*E27) -> 0 | L27: 2.95 | M27: 7.4 | N27: =IFERROR(2*SUMIFS('Sunglasses BOM'!$E:$E, 'Sunglasses BOM'!$F:$F,"PP", 'Sunglasses BOM'!$W:$W,$A27),0) -> 50400 | O27: =IFERROR(SUMIFS('Sunglasses BOM'!$E:$E, 'Sunglasses BOM'!$F:$F,"PP", 'Sunglasses BOM'!$V:$V,$A27),0) -> 25200 | P27: =((O27*M27)+(N27*L27))/1000 -> 335.16 | Q27: =P27*0.02 -> 6.7032
A28: 2174c | B28: =_xlfn.XLOOKUP(A28,'Sunglasses BOM'!$X$7:$X$76,'Sunglasses BOM'!$L$7:$L$76) -> Blue | C28: =IFERROR(2*SUMIFS('Sunglasses BOM'!$E:$E, 'Sunglasses BOM'!$F:$F,"ABS", 'Sunglasses BOM'!$W:$W,$A28),0) -> 0 | D28: =IFERROR(SUMIFS('Sunglasses BOM'!$E:$E, 'Sunglasses BOM'!$F:$F,"ABS", 'Sunglasses BOM'!$V:$V,$A28),0) -> 0 | E28: 0 | F28: 0 | G28: =((F28*D28)+(E28*C28))/1000 -> 0 | H28: =G28*0.02 -> 0 | I28: =IFERROR(2*SUMIFS('Sunglasses BOM'!$E:$E, 'Sunglasses BOM'!$F:$F,"Clear ABS", 'Sunglasses BOM'!$W:$W,$A28),0) -> 0 | J28: =IFERROR(SUMIFS('Sunglasses BOM'!$E:$E, 'Sunglasses BOM'!$F:$F,"Clear ABS", 'Sunglasses BOM'!$V:$V,$A28),0) -> 0 | K28: =(J28*F28)+(I28*E28) -> 0 | L28: 2.95 | M28: 7.4 | N28: =IFERROR(2*SUMIFS('Sunglasses BOM'!$E:$E, 'Sunglasses BOM'!$F:$F,"PP", 'Sunglasses BOM'!$W:$W,$A28),0) -> 0 | O28: =IFERROR(SUMIFS('Sunglasses BOM'!$E:$E, 'Sunglasses BOM'!$F:$F,"PP", 'Sunglasses BOM'!$V:$V,$A28),0) -> 8400 | P28: =((O28*M28)+(N28*L28))/1000 -> 62.16 | Q28: =P28*0.02 -> 1.2432
G29: =SUM(G4:G28) -> 13171.2 | H29: =SUM(H4:H28) -> 263.424 | I29: =SUM(I4:I28) -> 235200 | J29: =SUM(J4:J28) -> 117600 | K29: =SUM(K4:K28) -> 1646.4 | N29: =SUM(N4:N28) -> 1495200 | O29: =SUM(O4:O28) -> 747600 | P29: =SUM(P4:P28) -> 9943.08 | Q29: =SUM(Q4:Q28) -> 198.8616

Sheet Paint requirement
A1: Pantone Code | B1: No. of Painted parts | C1: Paint required (KG) | D1: Lacquer Required (1:1 for paint) | E1: Thinner
A2: Black 6C | B2: 109200 | C2: =(B2*0.8)/1000 -> 87.36 | D2: 87.36 | E2: =D2*2 -> 174.72
A3: White | B3: 33600 | C3: =(B3*0.8)/1000 -> 26.88 | D3: 26.88 | E3: =D3*2 -> 53.76
A5: lacquer (kg) | B5: 700 | C5: =B5*1400 -> 980000 | D5: =C5/1058200 -> 0.92610093
A6: Thinner (litre) | B6: 230

Sheet Mold Daily Output
A1: PP
A2: Frame
A3: mold no. | B3: Cavity | C3: Cycle time | D3: No. of Pieces | E3: is set | F3: output per day | G3: per minute | H3: per hour | I3: per day
A4: 7029-1 | B4: 2 | C4: 25 | D4: =B4 -> 2 | E4: 1 | F4: =I4/E4 -> 6336 | G4: =(60*D4)/C4 -> 4.8 | H4: =G4*60 -> 288 | I4: =H4*22 -> 6336
A5: 7030-1 | B5: 4 | C5: 33 | D5: =B5 -> 4 | E5: 1 | F5: =I5/E5 -> 9600 | G5: =(60*D5)/C5 -> 7.2727273 | H5: =G5*60 -> 436.36364 | I5: =H5*22 -> 9600
A6: 7031-1 | B6: 4 | C6: 33 | D6: =B6 -> 4 | E6: 1 | F6: =I6/E6 -> 9600 | G6: =(60*D6)/C6 -> 7.2727273 | H6: =G6*60 -> 436.36364 | I6: =H6*22 -> 9600
F7: =SUM(F4:F6) -> 25536
A8: Temple
A9: 7029-2 | B9: 4 | C9: 22 | D9: =B9 -> 4 | E9: 2 | F9: =I9/E9 -> 7200 | G9: =(60*D9)/C9 -> 10.909091 | H9: =G9*60 -> 654.54545 | I9: =H9*22 -> 14400
A10: 7030-2 | B10: 8 | C10: 33 | D10: =B10 -> 8 | E10: 2 | F10: =I10/E10 -> 9600 | G10: =(60*D10)/C10 -> 14.545455 | H10: =G10*60 -> 872.72727 | I10: =H10*22 -> 19200
A11: 7031-2 | B11: 8 | C11: 33 | D11: =B11 -> 8 | E11: 2 | F11: =I11/E11 -> 9600 | G11: =(60*D11)/C11 -> 14.545455 | H11: =G11*60 -> 872.72727 | I11: =H11*22 -> 19200
F12: =SUM(F9:F11) -> 26400
F13: `
A14: ABS
A15: Frame
A16: 7032-1 | B16: 2 | C16: 25 | D16: =B16 -> 2 | E16: 1 | F16: =I16/E16 -> 6336 | G16: =(60*D16)/C16 -> 4.8 | H16: =G16*60 -> 288 | I16: =H16*22 -> 6336
A17: 7033-1 | B17: 4 | C17: 30 | D17: =B17 -> 4 | E17: 1 | F17: =I17/E17 -> 10560 | G17: =(60*D17)/C17 -> 8 | H17: =G17*60 -> 480 | I17: =H17*22 -> 10560
A18: 7034-1 | B18: 4 | C18: 30 | D18: =B18 -> 4 | E18: 1 | F18: =I18/E18 -> 10560 | G18: =(60*D18)/C18 -> 8 | H18: =G18*60 -> 480 | I18: =H18*22 -> 10560
F19: =SUM(F16:F18) -> 27456
A20: Temple(value is for set, not a single piece)
A21: 7032-2 | B21: 4 | C21: 22 | D21: =B21 -> 4 | E21: 2 | F21: =I21/E21 -> 7200 | G21: =(60*D21)/C21 -> 10.909091 | H21: =G21*60 -> 654.54545 | I21: =H21*22 -> 14400
A22: 7033-2 | B22: 8 | C22: 30 | D22: =B22 -> 8 | E22: 2 | F22: =I22/E22 -> 10560 | G22: =(60*D22)/C22 -> 16 | H22: =G22*60 -> 960 | I22: =H22*22 -> 21120
A23: 7034-3 | B23: 8 | C23: 30 | D23: =B23 -> 8 | E23: 2 | F23: =I23/E23 -> 10560 | G23: =(60*D23)/C23 -> 16 | H23: =G23*60 -> 960 | I23: =H23*22 -> 21120
F24: =SUM(F21:F23) -> 28320

Sheet Molding ABS DPR
A1: Material | B1: ABS | H1: Day 1 | J1: Day 2 | L1: Day 3 | N1: Day 4 | P1: Day 5 | R1: Day 6 | T1: Day 7 | V1: Day 8 | X1: Day 9 | Z1: Day 10 | AB1: Day 11 | AD1: Day 12 | AF1: Day 13 | AH1: Day 14 | AJ1: Day 15 | AL1: Day 16 | AN1: Day 17 | AP1: Day 18 | AR1: Day 19 | AT1: Day 20 | AV1: Day 21 | AX1: Day 22 | AZ1: Day 23 | BB1: Day 24 | BD1: Day 25 | BF1: Day 26 | BH1: Day 27 | BJ1: Day 28 | BL1: Day 29 | BN1: Day 30 | BP1: Day 31 | BR1: Day 32 | BT1: Day 33 | BV1: Day 34 | BX1: Day 35 | BZ1: Day 36 | CB1: Day 37 | CD1: Day 38 | CF1: Day 39 | CH1: Day 40 | CJ1: Day 41 | CL1: Day 42 | CN1: Day 43 | CP1: Day 44 | CR1: Day 45 | CT1: Day 46 | CV1: Day 47 | CX1: Day 48 | CZ1: Day 49 | DB1: Day 50 | DD1: Day 51
A2: Mold | B2: 2 and 4 Cavity - Frame | C2: 3 Molds | H2: 45974 | J2: =WORKDAY.INTL(H2,1,"0010000") -> 45975 | L2: =WORKDAY.INTL(J2,1,"0010000") -> 45976 | N2: =WORKDAY.INTL(L2,1,"0010000") -> 45977 | P2: =WORKDAY.INTL(N2,1,"0010000") -> 45978 | R2: =WORKDAY.INTL(P2,1,"0010000") -> 45979 | T2: =WORKDAY.INTL(R2,1,"0010000") -> 45981 | V2: =WORKDAY.INTL(T2,1,"0010000") -> 45982 | X2: =WORKDAY.INTL(V2,1,"0010000") -> 45983 | Z2: =WORKDAY.INTL(X2,1,"0010000") -> 45984 | AB2: =WORKDAY.INTL(Z2,1,"0010000") -> 45985 | AD2: =WORKDAY.INTL(AB2,1,"0010000") -> 45986 | AF2: =WORKDAY.INTL(AD2,1,"0010000") -> 45988 | AH2: =WORKDAY.INTL(AF2,1,"0010000") -> 45989 | AJ2: =WORKDAY.INTL(AH2,1,"0010000") -> 45990 | AL2: =WORKDAY.INTL(AJ2,1,"0010000") -> 45991 | AN2: =WORKDAY.INTL(AL2,1,"0010000") -> 45992 | AP2: =WORKDAY.INTL(AN2,1,"0010000") -> 45993 | AR2: =WORKDAY.INTL(AP2,1,"0010000") -> 45995 | AT2: =WORKDAY.INTL(AR2,1,"0010000") -> 45996 | AV2: =WORKDAY.INTL(AT2,1,"0010000") -> 45997 | AX2: =WORKDAY.INTL(AV2,1,"0010000") -> 45998 | AZ2: =WORKDAY.INTL(AX2,1,"0010000") -> 45999 | BB2: =WORKDAY.INTL(AZ2,1,"0010000") -> 46000 | BD2: =WORKDAY.INTL(BB2,1,"0010000") -> 46002 | BF2: =WORKDAY.INTL(BD2,1,"0010000") -> 46003 | BH2: =WORKDAY.INTL(BF2,1,"0010000") -> 46004 | BJ2: =WORKDAY.INTL(BH2,1,"0010000") -> 46005 | BL2: =WORKDAY.INTL(BJ2,1,"0010000") -> 46006 | BN2: =WORKDAY.INTL(BL2,1,"0010000") -> 46007 | BP2: =WORKDAY.INTL(BN2,1,"0010000") -> 46009 | BR2: =WORKDAY.INTL(BP2,1,"0010000") -> 46010 | BT2: =WORKDAY.INTL(BR2,1,"0010000") -> 46011 | BV2: =WORKDAY.INTL(BT2,1,"0010000") -> 46012 | BX2: =WORKDAY.INTL(BV2,1,"0010000") -> 46013 | BZ2: =WORKDAY.INTL(BX2,1,"0010000") -> 46014 | CB2: =WORKDAY.INTL(BZ2,1,"0010000") -> 46016 | CD2: =WORKDAY.INTL(CB2,1,"0010000") -> 46017 | CF2: =WORKDAY.INTL(CD2,1,"0010000") -> 46018 | CH2: =WORKDAY.INTL(CF2,1,"0010000") -> 46019 | CJ2: =WORKDAY.INTL(CH2,1,"0010000") -> 46020 | CL2: =WORKDAY.INTL(CJ2,1,"0010000") -> 46021 | CN2: =WORKDAY.INTL(CL2,1,"0010000") -> 46023 | CP2: =WORKDAY.INTL(CN2,1,"0010000") -> 46024 | CR2: =WORKDAY.INTL(CP2,1,"0010000") -> 46025 | CT2: =WORKDAY.INTL(CR2,1,"0010000") -> 46026 | CV2: =WORKDAY.INTL(CT2,1,"0010000") -> 46027 | CX2: =WORKDAY.INTL(CV2,1,"0010000") -> 46028 | CZ2: =WORKDAY.INTL(CX2,1,"0010000") -> 46030 | DB2: =WORKDAY.INTL(CZ2,1,"0010000") -> 46031 | DD2: =WORKDAY.INTL(DB2,1,"0010000") -> 46032
A3: Pantone Code | B3: Color | C3: Order Qty | D3: Done Till Date | E3: Pending | F3: Daily Capacity | G3: Days required to complete | H3: Planned | I3: Actual | J3: Planned | K3: Actual | L3: Planned | M3: Actual | N3: Planned | O3: Actual | P3: Planned | Q3: Actual | R3: Planned | S3: Actual | T3: Planned | U3: Actual | V3: Planned | W3: Actual | X3: Planned | Y3: Actual | Z3: Planned | AA3: Actual | AB3: Planned | AC3: Actual | AD3: Planned | AE3: Actual | AF3: Planned | AG3: Actual | AH3: Planned | AI3: Actual | AJ3: Planned | AK3: Actual | AL3: Planned | AM3: Actual | AN3: Planned | AO3: Actual | AP3: Planned | AQ3: Actual | AR3: Planned | AS3: Actual | AT3: Planned | AU3: Actual | AV3: Planned | AW3: Actual | AX3: Planned | AY3: Actual | AZ3: Planned | BA3: Actual | BB3: Planned | BC3: Actual | BD3: Planned | BE3: Actual | BF3: Planned | BG3: Actual | BH3: Planned | BI3: Actual | BJ3: Planned | BK3: Actual | BL3: Planned | BM3: Actual | BN3: Planned | BO3: Actual | BP3: Planned | BQ3: Actual | BR3: Planned | BS3: Actual | BT3: Planned | BU3: Actual | BV3: Planned | BW3: Actual | BX3: Planned | BY3: Actual | BZ3: Planned | CA3: Actual | CB3: Planned | CC3: Actual | CD3: Planned | CE3: Actual | CF3: Planned | CG3: Actual | CH3: Planned | CI3: Actual | CJ3: Planned | CK3: Actual | CL3: Planned | CM3: Actual | CN3: Planned | CO3: Actual | CP3: Planned | CQ3: Actual | CR3: Planned | CS3: Actual | CT3: Planned | CU3: Actual | CV3: Planned | CW3: Actual | CX3: Planned | CY3: Actual | CZ3: Planned | DA3: Actual | DB3: Planned | DC3: Actual | DD3: Planned | DE3: Actual
A4: Black 6C | B4: =_xlfn.XLOOKUP(A4,'Raw Material Requirement'!$A$4:$A$28,'Raw Material Requirement'!$B$4:$B$28) -> Black | C4: =_xlfn.XLOOKUP(A4,'Raw Material Requirement'!$A$4:$A$28,'Raw Material Requirement'!$D$4:$D$28) -> 218400 | D4: {=SUMPRODUCT((MOD(COLUMN($I4:$FN4)-COLUMN($I4),2)=0)*($I4:$FN4))} -> 0 | E4: =C4-D4 -> 218400 | F4: ='Mold Daily Output'!$F$19 -> 27456 | G4: =E4/F4 -> 7.9545455 | H4: 27456 | J4: 27456 | L4: 27456 | N4: 27456 | P4: 27456 | R4: 27456 | T4: 27456 | V4: 26208
A5: 1807C | B5: =_xlfn.XLOOKUP(A5,'Raw Material Requirement'!$A$4:$A$28,'Raw Material Requirement'!$B$4:$B$28) -> Red | C5: =_xlfn.XLOOKUP(A5,'Raw Material Requirement'!$A$4:$A$28,'Raw Material Requirement'!$D$4:$D$28) -> 151200 | D5: {=SUMPRODUCT((MOD(COLUMN($I5:$FN5)-COLUMN($I5),2)=0)*($I5:$FN5))} -> 0 | E5: =C5-D5 -> 151200 | F5: ='Mold Daily Output'!$F$19 -> 27456 | G5: =E5/F5 -> 5.506993 | X5: 27456 | Z5: 27456 | AB5: 27456 | AD5: 27456 | AF5: 27456 | AH5: 13920
A6: WHITE | B6: =_xlfn.XLOOKUP(A6,'Raw Material Requirement'!$A$4:$A$28,'Raw Material Requirement'!$B$4:$B$28) -> White | C6: =_xlfn.XLOOKUP(A6,'Raw Material Requirement'!$A$4:$A$28,'Raw Material Requirement'!$D$4:$D$28) -> 134400 | D6: {=SUMPRODUCT((MOD(COLUMN($I6:$FN6)-COLUMN($I6),2)=0)*($I6:$FN6))} -> 0 | E6: =C6-D6 -> 134400 | F6: ='Mold Daily Output'!$F$19 -> 27456 | G6: =E6/F6 -> 4.8951049 | AJ6: 27456 | AL6: 27456 | AN6: 27456 | AP6: 27456 | AR6: 24576
A7: Clear | B7: =_xlfn.XLOOKUP(A7,'Raw Material Requirement'!$A$4:$A$28,'Raw Material Requirement'!$B$4:$B$28) -> Clear | C7: =_xlfn.XLOOKUP(A7,'Raw Material Requirement'!$A$4:$A$28,'Raw Material Requirement'!$J$4:$J$28) -> 117600 | D7: {=SUMPRODUCT((MOD(COLUMN($I7:$FN7)-COLUMN($I7),2)=0)*($I7:$FN7))} -> 0 | E7: =C7-D7 -> 117600 | F7: ='Mold Daily Output'!$F$19 -> 27456 | G7: =E7/F7 -> 4.2832168 | AT7: 27456 | AV7: 27456 | AX7: 27456 | AZ7: 27456 | BB7: 7776
A8: 648C | B8: =_xlfn.XLOOKUP(A8,'Raw Material Requirement'!$A$4:$A$28,'Raw Material Requirement'!$B$4:$B$28) -> Navy | C8: =_xlfn.XLOOKUP(A8,'Raw Material Requirement'!$A$4:$A$28,'Raw Material Requirement'!$D$4:$D$28) -> 100800 | D8: {=SUMPRODUCT((MOD(COLUMN($I8:$FN8)-COLUMN($I8),2)=0)*($I8:$FN8))} -> 0 | E8: =C8-D8 -> 100800 | F8: ='Mold Daily Output'!$F$19 -> 27456 | G8: =E8/F8 -> 3.6713287 | BD8: 27456 | BF8: 27456 | BH8: 27456 | BJ8: 18432
A9: 2746C | B9: =_xlfn.XLOOKUP(A9,'Raw Material Requirement'!$A$4:$A$28,'Raw Material Requirement'!$B$4:$B$28) -> Royal | C9: =_xlfn.XLOOKUP(A9,'Raw Material Requirement'!$A$4:$A$28,'Raw Material Requirement'!$D$4:$D$28) -> 100800 | D9: {=SUMPRODUCT((MOD(COLUMN($I9:$FN9)-COLUMN($I9),2)=0)*($I9:$FN9))} -> 0 | E9: =C9-D9 -> 100800 | F9: ='Mold Daily Output'!$F$19 -> 27456 | G9: =E9/F9 -> 3.6713287 | BJ9: 6000 | BL9: 27456 | BN9: 27456 | BP9: 27456 | BR9: 12432
A10: 2187C | B10: =_xlfn.XLOOKUP(A10,'Raw Material Requirement'!$A$4:$A$28,'Raw Material Requirement'!$B$4:$B$28) -> Blue | C10: =_xlfn.XLOOKUP(A10,'Raw Material Requirement'!$A$4:$A$28,'Raw Material Requirement'!$D$4:$D$28) -> 50400 | D10: {=SUMPRODUCT((MOD(COLUMN($I10:$FN10)-COLUMN($I10),2)=0)*($I10:$FN10))} -> 0 | E10: =C10-D10 -> 50400 | F10: ='Mold Daily Output'!$F$19 -> 27456 | G10: =E10/F10 -> 1.8356643 | BR10: 12000 | BT10: 27456 | BV10: 10944
A11: 201C | B11: =_xlfn.XLOOKUP(A11,'Raw Material Requirement'!$A$4:$A$28,'Raw Material Requirement'!$B$4:$B$28) -> Red | C11: =_xlfn.XLOOKUP(A11,'Raw Material Requirement'!$A$4:$A$28,'Raw Material Requirement'!$D$4:$D$28) -> 33600 | D11: {=SUMPRODUCT((MOD(COLUMN($I11:$FN11)-COLUMN($I11),2)=0)*($I11:$FN11))} -> 0 | E11: =C11-D11 -> 33600 | F11: ='Mold Daily Output'!$F$19 -> 27456 | G11: =E11/F11 -> 1.2237762 | BV11: 6144 | BX11: 27456
A12: 368C | B12: =_xlfn.XLOOKUP(A12,'Raw Material Requirement'!$A$4:$A$28,'Raw Material Requirement'!$B$4:$B$28) -> Lime | C12: =_xlfn.XLOOKUP(A12,'Raw Material Requirement'!$A$4:$A$28,'Raw Material Requirement'!$D$4:$D$28) -> 25200 | D12: {=SUMPRODUCT((MOD(COLUMN($I12:$FN12)-COLUMN($I12),2)=0)*($I12:$FN12))} -> 0 | E12: =C12-D12 -> 25200 | F12: ='Mold Daily Output'!$F$19 -> 27456 | G12: =E12/F12 -> 0.91783217 | BZ12: 25200
A13: 1655C | B13: =_xlfn.XLOOKUP(A13,'Raw Material Requirement'!$A$4:$A$28,'Raw Material Requirement'!$B$4:$B$28) -> Orange | C13: =_xlfn.XLOOKUP(A13,'Raw Material Requirement'!$A$4:$A$28,'Raw Material Requirement'!$D$4:$D$28) -> 25200 | D13: {=SUMPRODUCT((MOD(COLUMN($I13:$FN13)-COLUMN($I13),2)=0)*($I13:$FN13))} -> 0 | E13: =C13-D13 -> 25200 | F13: ='Mold Daily Output'!$F$19 -> 27456 | G13: =E13/F13 -> 0.91783217 | CB13: 25200
A14: 14-4318 TCX | B14: =_xlfn.XLOOKUP(A14,'Raw Material Requirement'!$A$4:$A$28,'Raw Material Requirement'!$B$4:$B$28) -> Light Blue | C14: =_xlfn.XLOOKUP(A14,'Raw Material Requirement'!$A$4:$A$28,'Raw Material Requirement'!$D$4:$D$28) -> 25200 | D14: {=SUMPRODUCT((MOD(COLUMN($I14:$FN14)-COLUMN($I14),2)=0)*($I14:$FN14))} -> 0 | E14: =C14-D14 -> 25200 | F14: ='Mold Daily Output'!$F$19 -> 27456 | G14: =E14/F14 -> 0.91783217 | CD14: 25200
A15: 7405C | B15: =_xlfn.XLOOKUP(A15,'Raw Material Requirement'!$A$4:$A$28,'Raw Material Requirement'!$B$4:$B$28) -> Bright Yellow | C15: =_xlfn.XLOOKUP(A15,'Raw Material Requirement'!$A$4:$A$28,'Raw Material Requirement'!$D$4:$D$28) -> 16800 | D15: {=SUMPRODUCT((MOD(COLUMN($I15:$FN15)-COLUMN($I15),2)=0)*($I15:$FN15))} -> 0 | E15: =C15-D15 -> 16800 | F15: ='Mold Daily Output'!$F$19 -> 27456 | G15: =E15/F15 -> 0.61188811 | CF15: 16800
A16: Cool Gray 8C | B16: =_xlfn.XLOOKUP(A16,'Raw Material Requirement'!$A$4:$A$28,'Raw Material Requirement'!$B$4:$B$28) -> Gray | C16: =_xlfn.XLOOKUP(A16,'Raw Material Requirement'!$A$4:$A$28,'Raw Material Requirement'!$D$4:$D$28) -> 16800 | D16: {=SUMPRODUCT((MOD(COLUMN($I16:$FN16)-COLUMN($I16),2)=0)*($I16:$FN16))} -> 0 | E16: =C16-D16 -> 16800 | F16: ='Mold Daily Output'!$F$19 -> 27456 | G16: =E16/F16 -> 0.61188811 | CF16: 9000 | CH16: 7800
A17: 342C | B17: =_xlfn.XLOOKUP(A17,'Raw Material Requirement'!$A$4:$A$28,'Raw Material Requirement'!$B$4:$B$28) -> Kelly Green | C17: =_xlfn.XLOOKUP(A17,'Raw Material Requirement'!$A$4:$A$28,'Raw Material Requirement'!$D$4:$D$28) -> 16800 | D17: {=SUMPRODUCT((MOD(COLUMN($I17:$FN17)-COLUMN($I17),2)=0)*($I17:$FN17))} -> 0 | E17: =C17-D17 -> 16800 | F17: ='Mold Daily Output'!$F$19 -> 27456 | G17: =E17/F17 -> 0.61188811 | CH17: 16800
A18: 2077C | B18: =_xlfn.XLOOKUP(A18,'Raw Material Requirement'!$A$4:$A$28,'Raw Material Requirement'!$B$4:$B$28) -> Purple | C18: =_xlfn.XLOOKUP(A18,'Raw Material Requirement'!$A$4:$A$28,'Raw Material Requirement'!$D$4:$D$28) -> 16800 | D18: {=SUMPRODUCT((MOD(COLUMN($I18:$FN18)-COLUMN($I18),2)=0)*($I18:$FN18))} -> 0 | E18: =C18-D18 -> 16800 | F18: ='Mold Daily Output'!$F$19 -> 27456 | G18: =E18/F18 -> 0.61188811 | BB18: 16800
A19: 107C | B19: =_xlfn.XLOOKUP(A19,'Raw Material Requirement'!$A$4:$A$28,'Raw Material Requirement'!$B$4:$B$28) -> Yellow | C19: =_xlfn.XLOOKUP(A19,'Raw Material Requirement'!$A$4:$A$28,'Raw Material Requirement'!$D$4:$D$28) -> 8400 | D19: {=SUMPRODUCT((MOD(COLUMN($I19:$FN19)-COLUMN($I19),2)=0)*($I19:$FN19))} -> 0 | E19: =C19-D19 -> 8400 | F19: ='Mold Daily Output'!$F$19 -> 27456 | G19: =E19/F19 -> 0.30594406 | AH19: 8400
G20: Raw Material Required (kg) | H20: =((SUM(H4:H19))*6.4)/1000 -> 175.7184 | I20: =((SUM(I4:I19))*6.4)/1000 -> 0 | J20: =((SUM(J4:J19))*6.4)/1000 -> 175.7184 | K20: =((SUM(K4:K19))*6.4)/1000 -> 0 | L20: =((SUM(L4:L19))*6.4)/1000 -> 175.7184 | M20: =((SUM(M4:M19))*6.4)/1000 -> 0 | N20: =((SUM(N4:N19))*6.4)/1000 -> 175.7184 | O20: =((SUM(O4:O19))*6.4)/1000 -> 0 | ... CI20: =((SUM(CI4:CI19))*6.4)/1000 -> 0
A23: Material | B23: ABS | H23: Day 1 | J23: Day 2 | L23: Day 3 | N23: Day 4 | P23: Day 5 | R23: Day 6 | T23: Day 7 | V23: Day 8 | X23: Day 9 | Z23: Day 10 | AB23: Day 11 | AD23: Day 12 | AF23: Day 13 | AH23: Day 14 | AJ23: Day 15 | AL23: Day 16 | AN23: Day 17 | AP23: Day 18 | AR23: Day 19 | AT23: Day 20 | AV23: Day 21 | AX23: Day 22 | AZ23: Day 23 | BB23: Day 24 | BD23: Day 25 | BF23: Day 26 | BH23: Day 27 | BJ23: Day 28 | BL23: Day 29 | BN23: Day 30 | BP23: Day 31 | BR23: Day 32 | BT23: Day 33 | BV23: Day 34 | BX23: Day 35 | BZ23: Day 36 | CB23: Day 37 | CD23: Day 38 | CF23: Day 39 | CH23: Day 40 | CJ23: Day 41 | CL23: Day 42 | CN23: Day 43 | CP23: Day 44 | CR23: Day 45 | CT23: Day 46 | CV23: Day 47 | CX23: Day 48 | CZ23: Day 49 | DB23: Day 50 | DD23: Day 51
A24: Mold | B24: 4 and 8 Cavity - Temple | C24: 3 Molds | H24: 45974 | J24: =WORKDAY.INTL(H24,1,"0010000") -> 45975 | L24: =WORKDAY.INTL(J24,1,"0010000") -> 45976 | N24: =WORKDAY.INTL(L24,1,"0010000") -> 45977 | P24: =WORKDAY.INTL(N24,1,"0010000") -> 45978 | R24: =WORKDAY.INTL(P24,1,"0010000") -> 45979 | T24: =WORKDAY.INTL(R24,1,"0010000") -> 45981 | V24: =WORKDAY.INTL(T24,1,"0010000") -> 45982 | X24: =WORKDAY.INTL(V24,1,"0010000") -> 45983 | Z24: =WORKDAY.INTL(X24,1,"0010000") -> 45984 | AB24: =WORKDAY.INTL(Z24,1,"0010000") -> 45985 | AD24: =WORKDAY.INTL(AB24,1,"0010000") -> 45986 | AF24: =WORKDAY.INTL(AD24,1,"0010000") -> 45988 | AH24: =WORKDAY.INTL(AF24,1,"0010000") -> 45989 | AJ24: =WORKDAY.INTL(AH24,1,"0010000") -> 45990 | AL24: =WORKDAY.INTL(AJ24,1,"0010000") -> 45991 | AN24: =WORKDAY.INTL(AL24,1,"0010000") -> 45992 | AP24: =WORKDAY.INTL(AN24,1,"0010000") -> 45993 | AR24: =WORKDAY.INTL(AP24,1,"0010000") -> 45995 | AT24: =WORKDAY.INTL(AR24,1,"0010000") -> 45996 | AV24: =WORKDAY.INTL(AT24,1,"0010000") -> 45997 | AX24: =WORKDAY.INTL(AV24,1,"0010000") -> 45998 | AZ24: =WORKDAY.INTL(AX24,1,"0010000") -> 45999 | BB24: =WORKDAY.INTL(AZ24,1,"0010000") -> 46000 | BD24: =WORKDAY.INTL(BB24,1,"0010000") -> 46002 | BF24: =WORKDAY.INTL(BD24,1,"0010000") -> 46003 | BH24: =WORKDAY.INTL(BF24,1,"0010000") -> 46004 | BJ24: =WORKDAY.INTL(BH24,1,"0010000") -> 46005 | BL24: =WORKDAY.INTL(BJ24,1,"0010000") -> 46006 | BN24: =WORKDAY.INTL(BL24,1,"0010000") -> 46007 | BP24: =WORKDAY.INTL(BN24,1,"0010000") -> 46009 | BR24: =WORKDAY.INTL(BP24,1,"0010000") -> 46010 | BT24: =WORKDAY.INTL(BR24,1,"0010000") -> 46011 | BV24: =WORKDAY.INTL(BT24,1,"0010000") -> 46012 | BX24: =WORKDAY.INTL(BV24,1,"0010000") -> 46013 | BZ24: =WORKDAY.INTL(BX24,1,"0010000") -> 46014 | CB24: =WORKDAY.INTL(BZ24,1,"0010000") -> 46016 | CD24: =WORKDAY.INTL(CB24,1,"0010000") -> 46017 | CF24: =WORKDAY.INTL(CD24,1,"0010000") -> 46018 | CH24: =WORKDAY.INTL(CF24,1,"0010000") -> 46019 | CJ24: =WORKDAY.INTL(CH24,1,"0010000") -> 46020 | CL24: =WORKDAY.INTL(CJ24,1,"0010000") -> 46021 | CN24: =WORKDAY.INTL(CL24,1,"0010000") -> 46023 | CP24: =WORKDAY.INTL(CN24,1,"0010000") -> 46024 | CR24: =WORKDAY.INTL(CP24,1,"0010000") -> 46025 | CT24: =WORKDAY.INTL(CR24,1,"0010000") -> 46026 | CV24: =WORKDAY.INTL(CT24,1,"0010000") -> 46027 | CX24: =WORKDAY.INTL(CV24,1,"0010000") -> 46028 | CZ24: =WORKDAY.INTL(CX24,1,"0010000") -> 46030 | DB24: =WORKDAY.INTL(CZ24,1,"0010000") -> 46031 | DD24: =WORKDAY.INTL(DB24,1,"0010000") -> 46032
A25: Pantone Code | B25: Color | C25: Order Qty | D25: Done Till Date | E25: Pending | F25: Daily Capacity (Each Piece) | G25: Days required to complete | H25: Planned | I25: Actual | J25: Planned | K25: Actual | L25: Planned | M25: Actual | N25: Planned | O25: Actual | P25: Planned | Q25: Actual | R25: Planned | S25: Actual | T25: Planned | U25: Actual | V25: Planned | W25: Actual | X25: Planned | Y25: Actual | Z25: Planned | AA25: Actual | AB25: Planned | AC25: Actual | AD25: Planned | AE25: Actual | AF25: Planned | AG25: Actual | AH25: Planned | AI25: Actual | AJ25: Planned | AK25: Actual | AL25: Planned | AM25: Actual | AN25: Planned | AO25: Actual | AP25: Planned | AQ25: Actual | AR25: Planned | AS25: Actual | AT25: Planned | AU25: Actual | AV25: Planned | AW25: Actual | AX25: Planned | AY25: Actual | AZ25: Planned | BA25: Actual | BB25: Planned | BC25: Actual | BD25: Planned | BE25: Actual | BF25: Planned | BG25: Actual | BH25: Planned | BI25: Actual | BJ25: Planned | BK25: Actual | BL25: Planned | BM25: Actual | BN25: Planned | BO25: Actual | BP25: Planned | BQ25: Actual | BR25: Planned | BS25: Actual | BT25: Planned | BU25: Actual | BV25: Planned | BW25: Actual | BX25: Planned | BY25: Actual | BZ25: Planned | CA25: Actual | CB25: Planned | CC25: Actual | CD25: Planned | CE25: Actual | CF25: Planned | CG25: Actual | CH25: Planned | CI25: Actual | CJ25: Planned | CK25: Actual | CL25: Planned | CM25: Actual | CN25: Planned | CO25: Actual | CP25: Planned | CQ25: Actual | CR25: Planned | CS25: Actual | CT25: Planned | CU25: Actual | CV25: Planned | CW25: Actual | CX25: Planned | CY25: Actual | CZ25: Planned | DA25: Actual | DB25: Planned | DC25: Actual | DD25: Planned | DE25: Actual
A26: Black 6C | B26: =_xlfn.XLOOKUP(A26,'Raw Material Requirement'!$A$4:$A$28,'Raw Material Requirement'!$B$4:$B$28) -> Black | C26: =_xlfn.XLOOKUP(A4,'Raw Material Requirement'!$A$4:$A$28,'Raw Material Requirement'!$C$4:$C$28) -> 436800 | D26: {=SUMPRODUCT((MOD(COLUMN($I26:$FN26)-COLUMN($I26),2)=0)*($I26:$FN26))} -> 0 | E26: =C26-D26 -> 436800 | F26: =('Mold Daily Output'!$F$24)*2 -> 56640 | G26: =E26/F26 -> 7.7118644 | H26: 56640 | J26: 56640 | L26: 56640 | N26: 56640 | P26: 56640 | R26: 56640 | T26: 56640 | V26: 40320
A27: 1807C | B27: =_xlfn.XLOOKUP(A27,'Raw Material Requirement'!$A$4:$A$28,'Raw Material Requirement'!$B$4:$B$28) -> Red | C27: =_xlfn.XLOOKUP(A5,'Raw Material Requirement'!$A$4:$A$28,'Raw Material Requirement'!$C$4:$C$28) -> 302400 | D27: {=SUMPRODUCT((MOD(COLUMN($I27:$FN27)-COLUMN($I27),2)=0)*($I27:$FN27))} -> 0 | E27: =C27-D27 -> 302400 | F27: =('Mold Daily Output'!$F$24)*2 -> 56640 | G27: =E27/F27 -> 5.3389831 | X27: 56640 | Z27: 56640 | AB27: 56640 | AD27: 56640 | AF27: 56640 | AH27: 19200
A28: WHITE | B28: =_xlfn.XLOOKUP(A28,'Raw Material Requirement'!$A$4:$A$28,'Raw Material Requirement'!$B$4:$B$28) -> White | C28: =_xlfn.XLOOKUP(A6,'Raw Material Requirement'!$A$4:$A$28,'Raw Material Requirement'!$C$4:$C$28) -> 268800 | D28: {=SUMPRODUCT((MOD(COLUMN($I28:$FN28)-COLUMN($I28),2)=0)*($I28:$FN28))} -> 0 | E28: =C28-D28 -> 268800 | F28: =('Mold Daily Output'!$F$24)*2 -> 56640 | G28: =E28/F28 -> 4.7457627 | AJ28: 56640 | AL28: 56640 | AN28: 56640 | AP28: 56640 | AR28: 42240
A29: Clear | B29: =_xlfn.XLOOKUP(A29,'Raw Material Requirement'!$A$4:$A$28,'Raw Material Requirement'!$B$4:$B$28) -> Clear | C29: =_xlfn.XLOOKUP(A7,'Raw Material Requirement'!$A$4:$A$28,'Raw Material Requirement'!$I$4:$I$28) -> 235200 | D29: {=SUMPRODUCT((MOD(COLUMN($I29:$FN29)-COLUMN($I29),2)=0)*($I29:$FN29))} -> 0 | E29: =C29-D29 -> 235200 | F29: =('Mold Daily Output'!$F$24)*2 -> 56640 | G29: =E29/F29 -> 4.1525424 | AT29: 56640 | AV29: 56640 | AX29: 56640 | AZ29: 56640 | BB29: 8640
A30: 648C | B30: =_xlfn.XLOOKUP(A30,'Raw Material Requirement'!$A$4:$A$28,'Raw Material Requirement'!$B$4:$B$28) -> Navy | C30: =_xlfn.XLOOKUP(A8,'Raw Material Requirement'!$A$4:$A$28,'Raw Material Requirement'!$C$4:$C$28) -> 201600 | D30: {=SUMPRODUCT((MOD(COLUMN($I30:$FN30)-COLUMN($I30),2)=0)*($I30:$FN30))} -> 0 | E30: =C30-D30 -> 201600 | F30: =('Mold Daily Output'!$F$24)*2 -> 56640 | G30: =E30/F30 -> 3.559322 | BD30: 56640 | BF30: 56640 | BH30: 56640 | BJ30: 31680
A31: 2746C | B31: =_xlfn.XLOOKUP(A31,'Raw Material Requirement'!$A$4:$A$28,'Raw Material Requirement'!$B$4:$B$28) -> Royal | C31: =_xlfn.XLOOKUP(A9,'Raw Material Requirement'!$A$4:$A$28,'Raw Material Requirement'!$C$4:$C$28) -> 201600 | D31: {=SUMPRODUCT((MOD(COLUMN($I31:$FN31)-COLUMN($I31),2)=0)*($I31:$FN31))} -> 0 | E31: =C31-D31 -> 201600 | F31: =('Mold Daily Output'!$F$24)*2 -> 56640 | G31: =E31/F31 -> 3.559322 | BJ31: 20000 | BL31: 56640 | BN31: 56640 | BP31: 56640 | BR31: 11680
A32: 2187C | B32: =_xlfn.XLOOKUP(A32,'Raw Material Requirement'!$A$4:$A$28,'Raw Material Requirement'!$B$4:$B$28) -> Blue | C32: =_xlfn.XLOOKUP(A10,'Raw Material Requirement'!$A$4:$A$28,'Raw Material Requirement'!$C$4:$C$28) -> 100800 | D32: {=SUMPRODUCT((MOD(COLUMN($I32:$FN32)-COLUMN($I32),2)=0)*($I32:$FN32))} -> 0 | E32: =C32-D32 -> 100800 | F32: =('Mold Daily Output'!$F$24)*2 -> 56640 | G32: =E32/F32 -> 1.779661 | BR32: 40000 | BT32: 56640 | BV32: 4160
A33: 201C | B33: =_xlfn.XLOOKUP(A33,'Raw Material Requirement'!$A$4:$A$28,'Raw Material Requirement'!$B$4:$B$28) -> Red | C33: =_xlfn.XLOOKUP(A11,'Raw Material Requirement'!$A$4:$A$28,'Raw Material Requirement'!$C$4:$C$28) -> 67200 | D33: {=SUMPRODUCT((MOD(COLUMN($I33:$FN33)-COLUMN($I33),2)=0)*($I33:$FN33))} -> 0 | E33: =C33-D33 -> 67200 | F33: =('Mold Daily Output'!$F$24)*2 -> 56640 | G33: =E33/F33 -> 1.1864407 | BV33: 10560 | BX33: 56640
A34: 368C | B34: =_xlfn.XLOOKUP(A34,'Raw Material Requirement'!$A$4:$A$28,'Raw Material Requirement'!$B$4:$B$28) -> Lime | C34: =_xlfn.XLOOKUP(A12,'Raw Material Requirement'!$A$4:$A$28,'Raw Material Requirement'!$C$4:$C$28) -> 50400 | D34: {=SUMPRODUCT((MOD(COLUMN($I34:$FN34)-COLUMN($I34),2)=0)*($I34:$FN34))} -> 0 | E34: =C34-D34 -> 50400 | F34: =('Mold Daily Output'!$F$24)*2 -> 56640 | G34: =E34/F34 -> 0.88983051 | BZ34: 50400
A35: 1655C | B35: =_xlfn.XLOOKUP(A35,'Raw Material Requirement'!$A$4:$A$28,'Raw Material Requirement'!$B$4:$B$28) -> Orange | C35: =_xlfn.XLOOKUP(A13,'Raw Material Requirement'!$A$4:$A$28,'Raw Material Requirement'!$C$4:$C$28) -> 50400 | D35: {=SUMPRODUCT((MOD(COLUMN($I35:$FN35)-COLUMN($I35),2)=0)*($I35:$FN35))} -> 0 | E35: =C35-D35 -> 50400 | F35: =('Mold Daily Output'!$F$24)*2 -> 56640 | G35: =E35/F35 -> 0.88983051 | CB35: 50400
A36: 14-4318 TCX | B36: =_xlfn.XLOOKUP(A36,'Raw Material Requirement'!$A$4:$A$28,'Raw Material Requirement'!$B$4:$B$28) -> Light Blue | C36: =_xlfn.XLOOKUP(A14,'Raw Material Requirement'!$A$4:$A$28,'Raw Material Requirement'!$C$4:$C$28) -> 50400 | D36: {=SUMPRODUCT((MOD(COLUMN($I36:$FN36)-COLUMN($I36),2)=0)*($I36:$FN36))} -> 0 | E36: =C36-D36 -> 50400 | F36: =('Mold Daily Output'!$F$24)*2 -> 56640 | G36: =E36/F36 -> 0.88983051 | CD36: 50400
A37: 7405C | B37: =_xlfn.XLOOKUP(A37,'Raw Material Requirement'!$A$4:$A$28,'Raw Material Requirement'!$B$4:$B$28) -> Bright Yellow | C37: =_xlfn.XLOOKUP(A15,'Raw Material Requirement'!$A$4:$A$28,'Raw Material Requirement'!$C$4:$C$28) -> 33600 | D37: {=SUMPRODUCT((MOD(COLUMN($I37:$FN37)-COLUMN($I37),2)=0)*($I37:$FN37))} -> 0 | E37: =C37-D37 -> 33600 | F37: =('Mold Daily Output'!$F$24)*2 -> 56640 | G37: =E37/F37 -> 0.59322034 | CF37: 33600
A38: Cool Gray 8C | B38: =_xlfn.XLOOKUP(A38,'Raw Material Requirement'!$A$4:$A$28,'Raw Material Requirement'!$B$4:$B$28) -> Gray | C38: =_xlfn.XLOOKUP(A16,'Raw Material Requirement'!$A$4:$A$28,'Raw Material Requirement'!$C$4:$C$28) -> 33600 | D38: {=SUMPRODUCT((MOD(COLUMN($I38:$FN38)-COLUMN($I38),2)=0)*($I38:$FN38))} -> 0 | E38: =C38-D38 -> 33600 | F38: =('Mold Daily Output'!$F$24)*2 -> 56640 | G38: =E38/F38 -> 0.59322034 | CF38: 20000 | CH38: 13600
A39: 342C | B39: =_xlfn.XLOOKUP(A39,'Raw Material Requirement'!$A$4:$A$28,'Raw Material Requirement'!$B$4:$B$28) -> Kelly Green | C39: =_xlfn.XLOOKUP(A17,'Raw Material Requirement'!$A$4:$A$28,'Raw Material Requirement'!$C$4:$C$28) -> 33600 | D39: {=SUMPRODUCT((MOD(COLUMN($I39:$FN39)-COLUMN($I39),2)=0)*($I39:$FN39))} -> 0 | E39: =C39-D39 -> 33600 | F39: =('Mold Daily Output'!$F$24)*2 -> 56640 | G39: =E39/F39 -> 0.59322034 | CH39: 33600
A40: 2077C | B40: =_xlfn.XLOOKUP(A40,'Raw Material Requirement'!$A$4:$A$28,'Raw Material Requirement'!$B$4:$B$28) -> Purple | C40: =_xlfn.XLOOKUP(A18,'Raw Material Requirement'!$A$4:$A$28,'Raw Material Requirement'!$C$4:$C$28) -> 33600 | D40: {=SUMPRODUCT((MOD(COLUMN($I40:$FN40)-COLUMN($I40),2)=0)*($I40:$FN40))} -> 0 | E40: =C40-D40 -> 33600 | F40: =('Mold Daily Output'!$F$24)*2 -> 56640 | G40: =E40/F40 -> 0.59322034 | BB40: 33600
A41: 107C | B41: =_xlfn.XLOOKUP(A41,'Raw Material Requirement'!$A$4:$A$28,'Raw Material Requirement'!$B$4:$B$28) -> Yellow | C41: =_xlfn.XLOOKUP(A19,'Raw Material Requirement'!$A$4:$A$28,'Raw Material Requirement'!$C$4:$C$28) -> 16800 | D41: {=SUMPRODUCT((MOD(COLUMN($I41:$FN41)-COLUMN($I41),2)=0)*($I41:$FN41))} -> 0 | E41: =C41-D41 -> 16800 | F41: =('Mold Daily Output'!$F$24)*2 -> 56640 | G41: =E41/F41 -> 0.29661017 | AH41: 16800
G42: Raw Material Required (kg) | H42: =((SUM(H26:H41))*3.8)/1000 -> 215.232 | I42: =((SUM(I26:I41))*3.8)/1000 -> 0 | J42: =((SUM(J26:J41))*3.8)/1000 -> 215.232 | K42: =((SUM(K26:K41))*3.8)/1000 -> 0 | L42: =((SUM(L26:L41))*3.8)/1000 -> 215.232 | M42: =((SUM(M26:M41))*3.8)/1000 -> 0 | N42: =((SUM(N26:N41))*3.8)/1000 -> 215.232 | O42: =((SUM(O26:O41))*3.8)/1000 -> 0 | ... CH42: =((SUM(CH26:CH41))*3.8)/1000 -> 179.36
G44: Total | H44: =SUM(H42,H20) -> 390.9504 | I44: =SUM(I42,I20) -> 0 | J44: =SUM(J42,J20) -> 390.9504 | K44: =SUM(K42,K20) -> 0 | L44: =SUM(L42,L20) -> 390.9504 | M44: =SUM(M42,M20) -> 0 | N44: =SUM(N42,N20) -> 390.9504 | O44: =SUM(O42,O20) -> 0 | ... CH44: =SUM(CH42,CH20) -> 336.8

Sheet Molding PP DPR
A1: Material | B1: PP | H1: Day 1 | J1: Day 2 | L1: Day 3 | N1: Day 4 | P1: Day 5 | R1: Day 6 | T1: Day 7 | V1: Day 8 | X1: Day 9 | Z1: Day 10 | AB1: Day 11 | AD1: Day 12 | AF1: Day 13 | AH1: Day 14 | AJ1: Day 15 | AL1: Day 16 | AN1: Day 17 | AP1: Day 18 | AR1: Day 19 | AT1: Day 20 | AV1: Day 21 | AX1: Day 22 | AZ1: Day 23 | BB1: Day 24 | BD1: Day 25 | BF1: Day 26 | BH1: Day 27 | BJ1: Day 28 | BL1: Day 29 | BN1: Day 30 | BP1: Day 31 | BR1: Day 32 | BT1: Day 33 | BV1: Day 34 | BX1: Day 35 | BZ1: Day 36 | CB1: Day 37 | CD1: Day 38 | CF1: Day 39 | CH1: Day 40 | CJ1: Day 41 | CL1: Day 42 | CN1: Day 43 | CP1: Day 44 | CR1: Day 45 | CT1: Day 46 | CV1: Day 47 | CX1: Day 48 | CZ1: Day 49 | DB1: Day 50 | DD1: Day 51
A2: Mold | B2: 2 and 4 Cavity - Frame | C2: 3 molds | H2: 45965 | J2: =WORKDAY.INTL(H2,1,"0010000") -> 45967 | L2: =WORKDAY.INTL(J2,1,"0010000") -> 45968 | N2: =WORKDAY.INTL(L2,1,"0010000") -> 45969 | P2: =WORKDAY.INTL(N2,1,"0010000") -> 45970 | R2: =WORKDAY.INTL(P2,1,"0010000") -> 45971 | T2: =WORKDAY.INTL(R2,1,"0010000") -> 45972 | V2: =WORKDAY.INTL(T2,1,"0010000") -> 45974 | X2: =WORKDAY.INTL(V2,1,"0010000") -> 45975 | Z2: =WORKDAY.INTL(X2,1,"0010000") -> 45976 | AB2: =WORKDAY.INTL(Z2,1,"0010000") -> 45977 | AD2: =WORKDAY.INTL(AB2,1,"0010000") -> 45978 | AF2: =WORKDAY.INTL(AD2,1,"0010000") -> 45979 | AH2: =WORKDAY.INTL(AF2,1,"0010000") -> 45981 | AJ2: =WORKDAY.INTL(AH2,1,"0010000") -> 45982 | AL2: =WORKDAY.INTL(AJ2,1,"0010000") -> 45983 | AN2: =WORKDAY.INTL(AL2,1,"0010000") -> 45984 | AP2: =WORKDAY.INTL(AN2,1,"0010000") -> 45985 | AR2: =WORKDAY.INTL(AP2,1,"0010000") -> 45986 | AT2: =WORKDAY.INTL(AR2,1,"0010000") -> 45988 | AV2: =WORKDAY.INTL(AT2,1,"0010000") -> 45989 | AX2: =WORKDAY.INTL(AV2,1,"0010000") -> 45990 | AZ2: =WORKDAY.INTL(AX2,1,"0010000") -> 45991 | BB2: =WORKDAY.INTL(AZ2,1,"0010000") -> 45992 | BD2: =WORKDAY.INTL(BB2,1,"0010000") -> 45993 | BF2: =WORKDAY.INTL(BD2,1,"0010000") -> 45995 | BH2: =WORKDAY.INTL(BF2,1,"0010000") -> 45996 | BJ2: =WORKDAY.INTL(BH2,1,"0010000") -> 45997 | BL2: =WORKDAY.INTL(BJ2,1,"0010000") -> 45998 | BN2: =WORKDAY.INTL(BL2,1,"0010000") -> 45999 | BP2: =WORKDAY.INTL(BN2,1,"0010000") -> 46000 | BR2: =WORKDAY.INTL(BP2,1,"0010000") -> 46002 | BT2: =WORKDAY.INTL(BR2,1,"0010000") -> 46003 | BV2: =WORKDAY.INTL(BT2,1,"0010000") -> 46004 | BX2: =WORKDAY.INTL(BV2,1,"0010000") -> 46005 | BZ2: =WORKDAY.INTL(BX2,1,"0010000") -> 46006 | CB2: =WORKDAY.INTL(BZ2,1,"0010000") -> 46007 | CD2: =WORKDAY.INTL(CB2,1,"0010000") -> 46009 | CF2: =WORKDAY.INTL(CD2,1,"0010000") -> 46010 | CH2: =WORKDAY.INTL(CF2,1,"0010000") -> 46011 | CJ2: =WORKDAY.INTL(CH2,1,"0010000") -> 46012 | CL2: =WORKDAY.INTL(CJ2,1,"0010000") -> 46013 | CN2: =WORKDAY.INTL(CL2,1,"0010000") -> 46014 | CP2: =WORKDAY.INTL(CN2,1,"0010000") -> 46016 | CR2: =WORKDAY.INTL(CP2,1,"0010000") -> 46017 | CT2: =WORKDAY.INTL(CR2,1,"0010000") -> 46018 | CV2: =WORKDAY.INTL(CT2,1,"0010000") -> 46019 | CX2: =WORKDAY.INTL(CV2,1,"0010000") -> 46020 | CZ2: =WORKDAY.INTL(CX2,1,"0010000") -> 46021 | DB2: =WORKDAY.INTL(CZ2,1,"0010000") -> 46023 | DD2: =WORKDAY.INTL(DB2,1,"0010000") -> 46024
A3: Pantone Code | B3: Color | C3: Order Qty | D3: Done Till Date | E3: Pending | F3: Daily Capacity | G3: Days required to complete | H3: Planned | I3: Actual | J3: Planned | K3: Actual | L3: Planned | M3: Actual | N3: Planned | O3: Actual | P3: Planned | Q3: Actual | R3: Planned | S3: Actual | T3: Planned | U3: Actual | V3: Planned | W3: Actual | X3: Planned | Y3: Actual | Z3: Planned | AA3: Actual | AB3: Planned | AC3: Actual | AD3: Planned | AE3: Actual | AF3: Planned | AG3: Actual | AH3: Planned | AI3: Actual | AJ3: Planned | AK3: Actual | AL3: Planned | AM3: Actual | AN3: Planned | AO3: Actual | AP3: Planned | AQ3: Actual | AR3: Planned | AS3: Actual | AT3: Planned | AU3: Actual | AV3: Planned | AW3: Actual | AX3: Planned | AY3: Actual | AZ3: Planned | BA3: Actual | BB3: Planned | BC3: Actual | BD3: Planned | BE3: Actual | BF3: Planned | BG3: Actual | BH3: Planned | BI3: Actual | BJ3: Planned | BK3: Actual | BL3: Planned | BM3: Actual | BN3: Planned | BO3: Actual | BP3: Planned | BQ3: Actual | BR3: Planned | BS3: Actual | BT3: Planned | BU3: Actual | BV3: Planned | BW3: Actual | BX3: Planned | BY3: Actual | BZ3: Planned | CA3: Actual | CB3: Planned | CC3: Actual | CD3: Planned | CE3: Actual | CF3: Planned | CG3: Actual | CH3: Planned | CI3: Actual | CJ3: Planned | CK3: Actual | CL3: Planned | CM3: Actual | CN3: Planned | CO3: Actual | CP3: Planned | CQ3: Actual | CR3: Planned | CS3: Actual | CT3: Planned | CU3: Actual | CV3: Planned | CW3: Actual | CX3: Planned | CY3: Actual | CZ3: Planned | DA3: Actual | DB3: Planned | DC3: Actual | DD3: Planned | DE3: Actual
A4: White | B4: =_xlfn.XLOOKUP(A4,'Raw Material Requirement'!$A$4:$A$28,'Raw Material Requirement'!$B$4:$B$28) -> White | C4: =_xlfn.XLOOKUP(A4,'Raw Material Requirement'!$A$4:$A$28,'Raw Material Requirement'!$O$4:$O$28) -> 252000 | D4: {=SUMPRODUCT((MOD(COLUMN($I4:$FN4)-COLUMN($I4),2)=0)*($I4:$FN4))} -> 0 | E4: =C4-D4 -> 252000 | F4: =SUM('Mold Daily Output'!$F$7) -> 25536 | G4: =E4/F4 -> 9.8684211 | H4: 25536 | J4: 25536 | L4: 25536 | N4: 25536 | P4: 25536 | R4: 25536 | T4: 25536 | V4: 25536 | X4: 25536 | Z4: 22176
A5: Black C | B5: =_xlfn.XLOOKUP(A5,'Raw Material Requirement'!$A$4:$A$28,'Raw Material Requirement'!$B$4:$B$28) -> Black | C5: =_xlfn.XLOOKUP(A5,'Raw Material Requirement'!$A$4:$A$28,'Raw Material Requirement'!$O$4:$O$28) -> 159600 | D5: {=SUMPRODUCT((MOD(COLUMN($I5:$FN5)-COLUMN($I5),2)=0)*($I5:$FN5))} -> 0 | E5: =C5-D5 -> 159600 | F5: =SUM('Mold Daily Output'!$F$7) -> 25536 | G5: =E5/F5 -> 6.25 | AB5: 25536 | AD5: 25536 | AF5: 25536 | AH5: 25536 | AJ5: 25536 | AL5: 25536 | AN5: 6384
A6: 2144C | B6: =_xlfn.XLOOKUP(A6,'Raw Material Requirement'!$A$4:$A$28,'Raw Material Requirement'!$B$4:$B$28) -> Blue | C6: =_xlfn.XLOOKUP(A6,'Raw Material Requirement'!$A$4:$A$28,'Raw Material Requirement'!$O$4:$O$28) -> 109200 | D6: {=SUMPRODUCT((MOD(COLUMN($I6:$FN6)-COLUMN($I6),2)=0)*($I6:$FN6))} -> 0 | E6: =C6-D6 -> 109200 | F6: =SUM('Mold Daily Output'!$F$7) -> 25536 | G6: =E6/F6 -> 4.2763158 | AP6: 25536 | AR6: 25536 | AT6: 25536 | AV6: 25536 | AX6: 7056
A7: 7628C | B7: =_xlfn.XLOOKUP(A7,'Raw Material Requirement'!$A$4:$A$28,'Raw Material Requirement'!$B$4:$B$28) -> Red | C7: =_xlfn.XLOOKUP(A7,'Raw Material Requirement'!$A$4:$A$28,'Raw Material Requirement'!$O$4:$O$28) -> 84000 | D7: {=SUMPRODUCT((MOD(COLUMN($I7:$FN7)-COLUMN($I7),2)=0)*($I7:$FN7))} -> 0 | E7: =C7-D7 -> 84000 | F7: =SUM('Mold Daily Output'!$F$7) -> 25536 | G7: =E7/F7 -> 3.2894737 | AX7: 15000 | AZ7: 25536 | BB7: 25536 | BD7: 17928
A8: 2270C | B8: =_xlfn.XLOOKUP(A8,'Raw Material Requirement'!$A$4:$A$28,'Raw Material Requirement'!$B$4:$B$28) -> Green | C8: =_xlfn.XLOOKUP(A8,'Raw Material Requirement'!$A$4:$A$28,'Raw Material Requirement'!$O$4:$O$28) -> 50400 | D8: {=SUMPRODUCT((MOD(COLUMN($I8:$FN8)-COLUMN($I8),2)=0)*($I8:$FN8))} -> 0 | E8: =C8-D8 -> 50400 | F8: =SUM('Mold Daily Output'!$F$7) -> 25536 | G8: =E8/F8 -> 1.9736842 | BD8: 5000 | BF8: 25536 | BH8: 19864
A9: 1645C | B9: =_xlfn.XLOOKUP(A9,'Raw Material Requirement'!$A$4:$A$28,'Raw Material Requirement'!$B$4:$B$28) -> Orange | C9: =_xlfn.XLOOKUP(A9,'Raw Material Requirement'!$A$4:$A$28,'Raw Material Requirement'!$O$4:$O$28) -> 50400 | D9: {=SUMPRODUCT((MOD(COLUMN($I9:$FN9)-COLUMN($I9),2)=0)*($I9:$FN9))} -> 0 | E9: =C9-D9 -> 50400 | F9: =SUM('Mold Daily Output'!$F$7) -> 25536 | G9: =E9/F9 -> 1.9736842 | BJ9: 25536 | BL9: 24864
A10: 267C | B10: =_xlfn.XLOOKUP(A10,'Raw Material Requirement'!$A$4:$A$28,'Raw Material Requirement'!$B$4:$B$28) -> Purple | C10: =_xlfn.XLOOKUP(A10,'Raw Material Requirement'!$A$4:$A$28,'Raw Material Requirement'!$O$4:$O$28) -> 25200 | D10: {=SUMPRODUCT((MOD(COLUMN($I10:$FN10)-COLUMN($I10),2)=0)*($I10:$FN10))} -> 0 | E10: =C10-D10 -> 25200 | F10: =SUM('Mold Daily Output'!$F$7) -> 25536 | G10: =E10/F10 -> 0.98684211 | BN10: 25200
A11: 7428C | B11: =_xlfn.XLOOKUP(A11,'Raw Material Requirement'!$A$4:$A$28,'Raw Material Requirement'!$B$4:$B$28) -> Mar | C11: =_xlfn.XLOOKUP(A11,'Raw Material Requirement'!$A$4:$A$28,'Raw Material Requirement'!$O$4:$O$28) -> 8400 | D11: {=SUMPRODUCT((MOD(COLUMN($I11:$FN11)-COLUMN($I11),2)=0)*($I11:$FN11))} -> 0 | E11: =C11-D11 -> 8400 | F11: =SUM('Mold Daily Output'!$F$7) -> 25536 | G11: =E11/F11 -> 0.32894737 | AN11: 8400
A12: 2174c | B12: =_xlfn.XLOOKUP(A12,'Raw Material Requirement'!$A$4:$A$28,'Raw Material Requirement'!$B$4:$B$28) -> Blue | C12: =_xlfn.XLOOKUP(A12,'Raw Material Requirement'!$A$4:$A$28,'Raw Material Requirement'!$O$4:$O$28) -> 8400 | D12: {=SUMPRODUCT((MOD(COLUMN($I12:$FN12)-COLUMN($I12),2)=0)*($I12:$FN12))} -> 0 | E12: =C12-D12 -> 8400 | F12: =SUM('Mold Daily Output'!$F$7) -> 25536 | G12: =E12/F12 -> 0.32894737 | AN12: 8400
G13: Raw Material Required (kg) | H13: =((SUM(H4:H12))*7.4)/1000 -> 188.9664 | I13: =((SUM(I4:I12))*7.4)/1000 -> 0 | J13: =((SUM(J4:J12))*7.4)/1000 -> 188.9664 | K13: =((SUM(K4:K12))*7.4)/1000 -> 0 | L13: =((SUM(L4:L12))*7.4)/1000 -> 188.9664 | M13: =((SUM(M4:M12))*7.4)/1000 -> 0 | N13: =((SUM(N4:N12))*7.4)/1000 -> 188.9664 | O13: =((SUM(O4:O12))*7.4)/1000 -> 0 | ... BN13: =((SUM(BN4:BN12))*7.4)/1000 -> 186.48
A15: Material | B15: PP | H15: Day 1 | J15: Day 2 | L15: Day 3 | N15: Day 4 | P15: Day 5 | R15: Day 6 | T15: Day 7 | V15: Day 8 | X15: Day 9 | Z15: Day 10 | AB15: Day 11 | AD15: Day 12 | AF15: Day 13 | AH15: Day 14 | AJ15: Day 15 | AL15: Day 16 | AN15: Day 17 | AP15: Day 18 | AR15: Day 19 | AT15: Day 20 | AV15: Day 21 | AX15: Day 22 | AZ15: Day 23 | BB15: Day 24 | BD15: Day 25 | BF15: Day 26 | BH15: Day 27 | BJ15: Day 28 | BL15: Day 29 | BN15: Day 30 | BP15: Day 31 | BR15: Day 32 | BT15: Day 33 | BV15: Day 34 | BX15: Day 35 | BZ15: Day 36 | CB15: Day 37 | CD15: Day 38 | CF15: Day 39 | CH15: Day 40 | CJ15: Day 41 | CL15: Day 42 | CN15: Day 43 | CP15: Day 44 | CR15: Day 45 | CT15: Day 46 | CV15: Day 47 | CX15: Day 48 | CZ15: Day 49 | DB15: Day 50 | DD15: Day 51
A16: Mold | B16: 4 and 8 Cavity - Temple | C16: 3 molds | H16: 45965 | J16: =WORKDAY.INTL(H16,1,"0010000") -> 45967 | L16: =WORKDAY.INTL(J16,1,"0010000") -> 45968 | N16: =WORKDAY.INTL(L16,1,"0010000") -> 45969 | P16: =WORKDAY.INTL(N16,1,"0010000") -> 45970 | R16: =WORKDAY.INTL(P16,1,"0010000") -> 45971 | T16: =WORKDAY.INTL(R16,1,"0010000") -> 45972 | V16: =WORKDAY.INTL(T16,1,"0010000") -> 45974 | X16: =WORKDAY.INTL(V16,1,"0010000") -> 45975 | Z16: =WORKDAY.INTL(X16,1,"0010000") -> 45976 | AB16: =WORKDAY.INTL(Z16,1,"0010000") -> 45977 | AD16: =WORKDAY.INTL(AB16,1,"0010000") -> 45978 | AF16: =WORKDAY.INTL(AD16,1,"0010000") -> 45979 | AH16: =WORKDAY.INTL(AF16,1,"0010000") -> 45981 | AJ16: =WORKDAY.INTL(AH16,1,"0010000") -> 45982 | AL16: =WORKDAY.INTL(AJ16,1,"0010000") -> 45983 | AN16: =WORKDAY.INTL(AL16,1,"0010000") -> 45984 | AP16: =WORKDAY.INTL(AN16,1,"0010000") -> 45985 | AR16: =WORKDAY.INTL(AP16,1,"0010000") -> 45986 | AT16: =WORKDAY.INTL(AR16,1,"0010000") -> 45988 | AV16: =WORKDAY.INTL(AT16,1,"0010000") -> 45989 | AX16: =WORKDAY.INTL(AV16,1,"0010000") -> 45990 | AZ16: =WORKDAY.INTL(AX16,1,"0010000") -> 45991 | BB16: =WORKDAY.INTL(AZ16,1,"0010000") -> 45992 | BD16: =WORKDAY.INTL(BB16,1,"0010000") -> 45993 | BF16: =WORKDAY.INTL(BD16,1,"0010000") -> 45995 | BH16: =WORKDAY.INTL(BF16,1,"0010000") -> 45996 | BJ16: =WORKDAY.INTL(BH16,1,"0010000") -> 45997 | BL16: =WORKDAY.INTL(BJ16,1,"0010000") -> 45998 | BN16: =WORKDAY.INTL(BL16,1,"0010000") -> 45999 | BP16: =WORKDAY.INTL(BN16,1,"0010000") -> 46000 | BR16: =WORKDAY.INTL(BP16,1,"0010000") -> 46002 | BT16: =WORKDAY.INTL(BR16,1,"0010000") -> 46003 | BV16: =WORKDAY.INTL(BT16,1,"0010000") -> 46004 | BX16: =WORKDAY.INTL(BV16,1,"0010000") -> 46005 | BZ16: =WORKDAY.INTL(BX16,1,"0010000") -> 46006 | CB16: =WORKDAY.INTL(BZ16,1,"0010000") -> 46007 | CD16: =WORKDAY.INTL(CB16,1,"0010000") -> 46009 | CF16: =WORKDAY.INTL(CD16,1,"0010000") -> 46010 | CH16: =WORKDAY.INTL(CF16,1,"0010000") -> 46011 | CJ16: =WORKDAY.INTL(CH16,1,"0010000") -> 46012 | CL16: =WORKDAY.INTL(CJ16,1,"0010000") -> 46013 | CN16: =WORKDAY.INTL(CL16,1,"0010000") -> 46014 | CP16: =WORKDAY.INTL(CN16,1,"0010000") -> 46016 | CR16: =WORKDAY.INTL(CP16,1,"0010000") -> 46017 | CT16: =WORKDAY.INTL(CR16,1,"0010000") -> 46018 | CV16: =WORKDAY.INTL(CT16,1,"0010000") -> 46019 | CX16: =WORKDAY.INTL(CV16,1,"0010000") -> 46020 | CZ16: =WORKDAY.INTL(CX16,1,"0010000") -> 46021 | DB16: =WORKDAY.INTL(CZ16,1,"0010000") -> 46023 | DD16: =WORKDAY.INTL(DB16,1,"0010000") -> 46024
A17: Pantone Code | B17: Color | C17: Order Qty | D17: Done Till Date | E17: Pending | F17: Daily Capacity (Each Piece) | G17: Days required to complete | H17: Planned | I17: Actual | J17: Planned | K17: Actual | L17: Planned | M17: Actual | N17: Planned | O17: Actual | P17: Planned | Q17: Actual | R17: Planned | S17: Actual | T17: Planned | U17: Actual | V17: Planned | W17: Actual | X17: Planned | Y17: Actual | Z17: Planned | AA17: Actual | AB17: Planned | AC17: Actual | AD17: Planned | AE17: Actual | AF17: Planned | AG17: Actual | AH17: Planned | AI17: Actual | AJ17: Planned | AK17: Actual | AL17: Planned | AM17: Actual | AN17: Planned | AO17: Actual | AP17: Planned | AQ17: Actual | AR17: Planned | AS17: Actual | AT17: Planned | AU17: Actual | AV17: Planned | AW17: Actual | AX17: Planned | AY17: Actual | AZ17: Planned | BA17: Actual | BB17: Planned | BC17: Actual | BD17: Planned | BE17: Actual | BF17: Planned | BG17: Actual | BH17: Planned | BI17: Actual | BJ17: Planned | BK17: Actual | BL17: Planned | BM17: Actual | BN17: Planned | BO17: Actual | BP17: Planned | BQ17: Actual | BR17: Planned | BS17: Actual | BT17: Planned | BU17: Actual | BV17: Planned | BW17: Actual | BX17: Planned | BY17: Actual | BZ17: Planned | CA17: Actual | CB17: Planned | CC17: Actual | CD17: Planned | CE17: Actual | CF17: Planned | CG17: Actual | CH17: Planned | CI17: Actual | CJ17: Planned | CK17: Actual | CL17: Planned | CM17: Actual | CN17: Planned | CO17: Actual | CP17: Planned | CQ17: Actual | CR17: Planned | CS17: Actual | CT17: Planned | CU17: Actual | CV17: Planned | CW17: Actual | CX17: Planned | CY17: Actual | CZ17: Planned | DA17: Actual | DB17: Planned | DC17: Actual | DD17: Planned | DE17: Actual
A18: White | B18: =_xlfn.XLOOKUP(A18,'Raw Material Requirement'!$A$4:$A$28,'Raw Material Requirement'!$B$4:$B$28) -> White | C18: =_xlfn.XLOOKUP(A18,'Raw Material Requirement'!$A$4:$A$28,'Raw Material Requirement'!$N$4:$N$28) -> 403200 | D18: {=SUMPRODUCT((MOD(COLUMN($I18:$FN18)-COLUMN($I18),2)=0)*($I18:$FN18))} -> 0 | E18: =C18-D18 -> 403200 | F18: ='Mold Daily Output'!$F$12*2 -> 52800 | G18: =E18/F18 -> 7.6363636 | H18: 52800 | J18: 52800 | L18: 52800 | N18: 52800 | P18: 52800 | R18: 52800 | T18: 52800 | V18: 33600
A19: 2144C | B19: =_xlfn.XLOOKUP(A19,'Raw Material Requirement'!$A$4:$A$28,'Raw Material Requirement'!$B$4:$B$28) -> Blue | C19: =_xlfn.XLOOKUP(A19,'Raw Material Requirement'!$A$4:$A$28,'Raw Material Requirement'!$N$4:$N$28) -> 336000 | D19: {=SUMPRODUCT((MOD(COLUMN($I19:$FN19)-COLUMN($I19),2)=0)*($I19:$FN19))} -> 0 | E19: =C19-D19 -> 336000 | F19: ='Mold Daily Output'!$F$12*2 -> 52800 | G19: =E19/F19 -> 6.3636364 | V19: 16000 | X19: 52800 | Z19: 52800 | AB19: 52800 | AD19: 52800 | AF19: 52800 | AH19: 52800 | AJ19: 3200
A20: Black C | B20: =_xlfn.XLOOKUP(A20,'Raw Material Requirement'!$A$4:$A$28,'Raw Material Requirement'!$B$4:$B$28) -> Black | C20: =_xlfn.XLOOKUP(A20,'Raw Material Requirement'!$A$4:$A$28,'Raw Material Requirement'!$N$4:$N$28) -> 268800 | D20: {=SUMPRODUCT((MOD(COLUMN($I20:$FN20)-COLUMN($I20),2)=0)*($I20:$FN20))} -> 0 | E20: =C20-D20 -> 268800 | F20: ='Mold Daily Output'!$F$12*2 -> 52800 | G20: =E20/F20 -> 5.0909091 | AL20: 52800 | AN20: 52800 | AP20: 52800 | AR20: 52800 | AT20: 52800 | AV20: 4800
A21: 7628C | B21: =_xlfn.XLOOKUP(A21,'Raw Material Requirement'!$A$4:$A$28,'Raw Material Requirement'!$B$4:$B$28) -> Red | C21: =_xlfn.XLOOKUP(A21,'Raw Material Requirement'!$A$4:$A$28,'Raw Material Requirement'!$N$4:$N$28) -> 201600 | D21: {=SUMPRODUCT((MOD(COLUMN($I21:$FN21)-COLUMN($I21),2)=0)*($I21:$FN21))} -> 0 | E21: =C21-D21 -> 201600 | F21: ='Mold Daily Output'!$F$12*2 -> 52800 | G21: =E21/F21 -> 3.8181818 | AV21: 45000 | AX21: 52800 | AZ21: 52800 | BB21: 51000
A22: 2270C | B22: =_xlfn.XLOOKUP(A22,'Raw Material Requirement'!$A$4:$A$28,'Raw Material Requirement'!$B$4:$B$28) -> Green | C22: =_xlfn.XLOOKUP(A22,'Raw Material Requirement'!$A$4:$A$28,'Raw Material Requirement'!$N$4:$N$28) -> 100800 | D22: {=SUMPRODUCT((MOD(COLUMN($I22:$FN22)-COLUMN($I22),2)=0)*($I22:$FN22))} -> 0 | E22: =C22-D22 -> 100800 | F22: ='Mold Daily Output'!$F$12*2 -> 52800 | G22: =E22/F22 -> 1.9090909 | BD22: 52800 | BF22: 48000
A23: 1645C | B23: =_xlfn.XLOOKUP(A23,'Raw Material Requirement'!$A$4:$A$28,'Raw Material Requirement'!$B$4:$B$28) -> Orange | C23: =_xlfn.XLOOKUP(A23,'Raw Material Requirement'!$A$4:$A$28,'Raw Material Requirement'!$N$4:$N$28) -> 100800 | D23: {=SUMPRODUCT((MOD(COLUMN($I23:$FN23)-COLUMN($I23),2)=0)*($I23:$FN23))} -> 0 | E23: =C23-D23 -> 100800 | F23: ='Mold Daily Output'!$F$12*2 -> 52800 | G23: =E23/F23 -> 1.9090909 | BH23: 52800 | BJ23: 48000
A24: 267C | B24: =_xlfn.XLOOKUP(A24,'Raw Material Requirement'!$A$4:$A$28,'Raw Material Requirement'!$B$4:$B$28) -> Purple | C24: =_xlfn.XLOOKUP(A24,'Raw Material Requirement'!$A$4:$A$28,'Raw Material Requirement'!$N$4:$N$28) -> 50400 | D24: {=SUMPRODUCT((MOD(COLUMN($I24:$FN24)-COLUMN($I24),2)=0)*($I24:$FN24))} -> 0 | E24: =C24-D24 -> 50400 | F24: ='Mold Daily Output'!$F$12*2 -> 52800 | G24: =E24/F24 -> 0.95454545 | BL24: 50400
A25: 423C | B25: =_xlfn.XLOOKUP(A25,'Raw Material Requirement'!$A$4:$A$28,'Raw Material Requirement'!$B$4:$B$28) -> Grey | C25: =_xlfn.XLOOKUP(A25,'Raw Material Requirement'!$A$4:$A$28,'Raw Material Requirement'!$N$4:$N$28) -> 16800 | D25: {=SUMPRODUCT((MOD(COLUMN($I25:$FN25)-COLUMN($I25),2)=0)*($I25:$FN25))} -> 0 | E25: =C25-D25 -> 16800 | F25: ='Mold Daily Output'!$F$12*2 -> 52800 | G25: =E25/F25 -> 0.31818182 | AJ25: 16800
A26: 7428C | B26: =_xlfn.XLOOKUP(A26,'Raw Material Requirement'!$A$4:$A$28,'Raw Material Requirement'!$B$4:$B$28) -> Mar | C26: =_xlfn.XLOOKUP(A26,'Raw Material Requirement'!$A$4:$A$28,'Raw Material Requirement'!$N$4:$N$28) -> 16800 | D26: {=SUMPRODUCT((MOD(COLUMN($I26:$FN26)-COLUMN($I26),2)=0)*($I26:$FN26))} -> 0 | E26: =C26-D26 -> 16800 | F26: ='Mold Daily Output'!$F$12*2 -> 52800 | G26: =E26/F26 -> 0.31818182 | AJ26: 16800
G27: Raw Material Required (kg) | H27: =((SUM(H18:H26))*2.95)/1000 -> 155.76 | I27: =((SUM(I18:I26))*2.95)/1000 -> 0 | J27: =((SUM(J18:J26))*2.95)/1000 -> 155.76 | K27: =((SUM(K18:K26))*2.95)/1000 -> 0 | L27: =((SUM(L18:L26))*2.95)/1000 -> 155.76 | M27: =((SUM(M18:M26))*2.95)/1000 -> 0 | N27: =((SUM(N18:N26))*2.95)/1000 -> 155.76 | O27: =((SUM(O18:O26))*2.95)/1000 -> 0 | ... BN27: =((SUM(BN18:BN26))*2.95)/1000 -> 0
G28: Total | H28: =SUM(H27,H13) -> 344.7264 | I28: =SUM(I27,I13) -> 0 | J28: =SUM(J27,J13) -> 344.7264 | K28: =SUM(K27,K13) -> 0 | L28: =SUM(L27,L13) -> 344.7264 | M28: =SUM(M27,M13) -> 0 | N28: =SUM(N27,N13) -> 344.7264 | O28: =SUM(O27,O13) -> 0 | ... BN28: =SUM(BN27,BN13) -> 186.48

Sheet Buffing DPR - ABS
A1: Material | B1: ABS | N1: Day 1 | P1: Day 2 | R1: Day 3 | T1: Day 4 | V1: Day 5 | X1: Day 6 | Z1: Day 7 | AB1: Day 8 | AD1: Day 9 | AF1: Day 10 | AH1: Day 11 | AJ1: Day 12 | AL1: Day 13 | AN1: Day 14 | AP1: Day 15 | AR1: Day 16 | AT1: Day 17 | AV1: Day 18 | AX1: Day 19 | AZ1: Day 20 | BB1: Day 21 | BD1: Day 22 | BF1: Day 23 | BH1: Day 24 | BJ1: Day 25 | BL1: Day 26 | BN1: Day 27 | BP1: Day 28 | BR1: Day 29 | BT1: Day 30 | BV1: Day 31 | BX1: Day 32 | BZ1: Day 33 | CB1: Day 34 | CD1: Day 35 | CF1: Day 36 | CH1: Day 37 | CJ1: Day 38 | CL1: Day 39 | CN1: Day 40 | CP1: Day 41 | CR1: Day 42 | CT1: Day 43 | CV1: Day 44 | CX1: Day 45 | CZ1: Day 46 | DB1: Day 47 | DD1: Day 48 | DF1: Day 49 | DH1: Day 50 | DJ1: Day 51
N2: 45967 | P2: =WORKDAY.INTL(N2,1,"0000001") -> 45968 | R2: =WORKDAY.INTL(P2,1,"0000001") -> 45969 | T2: =WORKDAY.INTL(R2,1,"0000001") -> 45971 | V2: =WORKDAY.INTL(T2,1,"0000001") -> 45972 | X2: =WORKDAY.INTL(V2,1,"0000001") -> 45973 | Z2: =WORKDAY.INTL(X2,1,"0000001") -> 45974 | AB2: =WORKDAY.INTL(Z2,1,"0000001") -> 45975 | AD2: =WORKDAY.INTL(AB2,1,"0000001") -> 45976 | AF2: =WORKDAY.INTL(AD2,1,"0000001") -> 45978 | AH2: =WORKDAY.INTL(AF2,1,"0000001") -> 45979 | AJ2: =WORKDAY.INTL(AH2,1,"0000001") -> 45980 | AL2: =WORKDAY.INTL(AJ2,1,"0000001") -> 45981 | AN2: =WORKDAY.INTL(AL2,1,"0000001") -> 45982 | AP2: =WORKDAY.INTL(AN2,1,"0000001") -> 45983 | AR2: =WORKDAY.INTL(AP2,1,"0000001") -> 45985 | AT2: =WORKDAY.INTL(AR2,1,"0000001") -> 45986 | AV2: =WORKDAY.INTL(AT2,1,"0000001") -> 45987 | AX2: =WORKDAY.INTL(AV2,1,"0000001") -> 45988 | AZ2: =WORKDAY.INTL(AX2,1,"0000001") -> 45989 | BB2: =WORKDAY.INTL(AZ2,1,"0000001") -> 45990 | BD2: =WORKDAY.INTL(BB2,1,"0000001") -> 45992 | BF2: =WORKDAY.INTL(BD2,1,"0000001") -> 45993 | BH2: =WORKDAY.INTL(BF2,1,"0000001") -> 45994 | BJ2: =WORKDAY.INTL(BH2,1,"0000001") -> 45995 | BL2: =WORKDAY.INTL(BJ2,1,"0000001") -> 45996 | BN2: =WORKDAY.INTL(BL2,1,"0000001") -> 45997 | BP2: =WORKDAY.INTL(BN2,1,"0000001") -> 45999 | BR2: =WORKDAY.INTL(BP2,1,"0000001") -> 46000 | BT2: =WORKDAY.INTL(BR2,1,"0000001") -> 46001 | BV2: =WORKDAY.INTL(BT2,1,"0000001") -> 46002 | BX2: =WORKDAY.INTL(BV2,1,"0000001") -> 46003 | BZ2: =WORKDAY.INTL(BX2,1,"0000001") -> 46004 | CB2: =WORKDAY.INTL(BZ2,1,"0000001") -> 46006 | CD2: =WORKDAY.INTL(CB2,1,"0000001") -> 46007 | CF2: =WORKDAY.INTL(CD2,1,"0000001") -> 46008 | CH2: =WORKDAY.INTL(CF2,1,"0000001") -> 46009 | CJ2: =WORKDAY.INTL(CH2,1,"0000001") -> 46010 | CL2: =WORKDAY.INTL(CJ2,1,"0000001") -> 46011 | CN2: =WORKDAY.INTL(CL2,1,"0000001") -> 46013 | CP2: =WORKDAY.INTL(CN2,1,"0000001") -> 46014 | CR2: =WORKDAY.INTL(CP2,1,"0000001") -> 46015 | CT2: =WORKDAY.INTL(CR2,1,"0000001") -> 46016 | CV2: =WORKDAY.INTL(CT2,1,"0000001") -> 46017 | CX2: =WORKDAY.INTL(CV2,1,"0000001") -> 46018 | CZ2: =WORKDAY.INTL(CX2,1,"0000001") -> 46020 | DB2: =WORKDAY.INTL(CZ2,1,"0000001") -> 46021 | DD2: =WORKDAY.INTL(DB2,1,"0000001") -> 46022 | DF2: =WORKDAY.INTL(DD2,1,"0000001") -> 46023 | DH2: =WORKDAY.INTL(DF2,1,"0000001") -> 46024 | DJ2: =WORKDAY.INTL(DH2,1,"0000001") -> 46025
A3: Part No. | B3: Description | C3: Frame Pantone | D3: Frame Color | E3: Order Qty | F3: Done Till Date | G3: Pending | H3: Daily Capacity | I3: Available Frames | J3: Available Temples | K3: Trasnferred for Buffing | L3: Pending Buffing | M3: Days required to complete | N3: Planned | O3: Actual | P3: Planned | Q3: Actual | R3: Planned | S3: Actual | T3: Planned | U3: Actual | V3: Planned | W3: Actual | X3: Planned | Y3: Actual | Z3: Planned | AA3: Actual | AB3: Planned | AC3: Actual | AD3: Planned | AE3: Actual | AF3: Planned | AG3: Actual | AH3: Planned | AI3: Actual | AJ3: Planned | AK3: Actual | AL3: Planned | AM3: Actual | AN3: Planned | AO3: Actual | AP3: Planned | AQ3: Actual | AR3: Planned | AS3: Actual | AT3: Planned | AU3: Actual | AV3: Planned | AW3: Actual | AX3: Planned | AY3: Actual | AZ3: Planned | BA3: Actual | BB3: Planned | BC3: Actual | BD3: Planned | BE3: Actual | BF3: Planned | BG3: Actual | BH3: Planned | BI3: Actual | BJ3: Planned | BK3: Actual | BL3: Planned | BM3: Actual | BN3: Planned | BO3: Actual | BP3: Planned | BQ3: Actual | BR3: Planned | BS3: Actual | BT3: Planned | BU3: Actual | BV3: Planned | BW3: Actual | BX3: Planned | BY3: Actual | BZ3: Planned | CA3: Actual | CB3: Planned | CC3: Actual | CD3: Planned | CE3: Actual | CF3: Planned | CG3: Actual | CH3: Planned | CI3: Actual | CJ3: Planned | CK3: Actual | CL3: Planned | CM3: Actual | CN3: Planned | CO3: Actual | CP3: Planned | CQ3: Actual | CR3: Planned | CS3: Actual | CT3: Planned | CU3: Actual | CV3: Planned | CW3: Actual | CX3: Planned | CY3: Actual | CZ3: Planned | DA3: Actual | DB3: Planned | DC3: Actual | DD3: Planned | DE3: Actual | DF3: Planned | DG3: Actual | DH3: Planned | DI3: Actual | DJ3: Planned | DK3: Actual
A4: 6223 BLK | B4: Sunglass, 6223 Black | C4: Black 6C | D4: Black | E4: =SUMIF('Sunglasses BOM'!$D$1:$D$79,B4,'Sunglasses BOM'!$E$1:$E$79) -> 218400 | F4: {=SUMPRODUCT((MOD(COLUMN($O4:$FT4)-COLUMN($O4),2)=0)*($O4:$FT4))} -> 0 | G4: =E4-F4 -> 218400 | H4: ='Final Processes daily output'!$F$3 -> 4000 | I4: =VLOOKUP(C4,'Molding ABS DPR'!$A$4:$D$19,4,FALSE) -> 0 | J4: =VLOOKUP(C4,'Molding ABS DPR'!$A$26:$D$41,4,FALSE) -> 0 | K4: =MIN(ROUNDDOWN(I4/'Pre assembly BOM'!E2,0),ROUNDDOWN(J4/'Pre assembly BOM'!H2,0)) -> 0 | L4: =K4-F4 -> 0 | M4: =G4/H4 -> 54.6
A5: 6223 NAV | B5: Sunglass, 6223 Navy | C5: 648C | D5: Navy | E5: =SUMIF('Sunglasses BOM'!$D$1:$D$79,B5,'Sunglasses BOM'!$E$1:$E$79) -> 100800 | F5: {=SUMPRODUCT((MOD(COLUMN($O5:$FT5)-COLUMN($O5),2)=0)*($O5:$FT5))} -> 0 | G5: =E5-F5 -> 100800 | H5: ='Final Processes daily output'!$F$3 -> 4000 | I5: =VLOOKUP(C5,'Molding ABS DPR'!$A$4:$D$19,4,FALSE) -> 0 | J5: =VLOOKUP(C5,'Molding ABS DPR'!$A$26:$D$41,4,FALSE) -> 0 | K5: =MIN(ROUNDDOWN(I5/'Pre assembly BOM'!E3,0),ROUNDDOWN(J5/'Pre assembly BOM'!H3,0)) -> 0 | L5: =K5-F5 -> 0 | M5: =G5/H5 -> 25.2
A6: 6223 RED | B6: Sunglass, 6223 Red | C6: 1807C | D6: Red | E6: =SUMIF('Sunglasses BOM'!$D$1:$D$79,B6,'Sunglasses BOM'!$E$1:$E$79) -> 151200 | F6: {=SUMPRODUCT((MOD(COLUMN($O6:$FT6)-COLUMN($O6),2)=0)*($O6:$FT6))} -> 0 | G6: =E6-F6 -> 151200 | H6: ='Final Processes daily output'!$F$3 -> 4000 | I6: =VLOOKUP(C6,'Molding ABS DPR'!$A$4:$D$19,4,FALSE) -> 0 | J6: =VLOOKUP(C6,'Molding ABS DPR'!$A$26:$D$41,4,FALSE) -> 0 | K6: =MIN(ROUNDDOWN(I6/'Pre assembly BOM'!E4,0),ROUNDDOWN(J6/'Pre assembly BOM'!H4,0)) -> 0 | L6: =K6-F6 -> 0 | M6: =G6/H6 -> 37.8
A7: 6223 ROY | B7: Sunglass, 6223 Royal | C7: 2746C | D7: Royal | E7: =SUMIF('Sunglasses BOM'!$D$1:$D$79,B7,'Sunglasses BOM'!$E$1:$E$79) -> 100800 | F7: {=SUMPRODUCT((MOD(COLUMN($O7:$FT7)-COLUMN($O7),2)=0)*($O7:$FT7))} -> 0 | G7: =E7-F7 -> 100800 | H7: ='Final Processes daily output'!$F$3 -> 4000 | I7: =VLOOKUP(C7,'Molding ABS DPR'!$A$4:$D$19,4,FALSE) -> 0 | J7: =VLOOKUP(C7,'Molding ABS DPR'!$A$26:$D$41,4,FALSE) -> 0 | K7: =MIN(ROUNDDOWN(I7/'Pre assembly BOM'!E5,0),ROUNDDOWN(J7/'Pre assembly BOM'!H5,0)) -> 0 | L7: =K7-F7 -> 0 | M7: =G7/H7 -> 25.2
A8: 6223 WHT | B8: Sunglass, 6223 White | C8: WHITE | D8: White | E8: =SUMIF('Sunglasses BOM'!$D$1:$D$79,B8,'Sunglasses BOM'!$E$1:$E$79) -> 134400 | F8: {=SUMPRODUCT((MOD(COLUMN($O8:$FT8)-COLUMN($O8),2)=0)*($O8:$FT8))} -> 0 | G8: =E8-F8 -> 134400 | H8: ='Final Processes daily output'!$F$3 -> 4000 | I8: =VLOOKUP(C8,'Molding ABS DPR'!$A$4:$D$19,4,FALSE) -> 0 | J8: =VLOOKUP(C8,'Molding ABS DPR'!$A$26:$D$41,4,FALSE) -> 0 | K8: =MIN(ROUNDDOWN(I8/'Pre assembly BOM'!E6,0),ROUNDDOWN(J8/'Pre assembly BOM'!H6,0)) -> 0 | L8: =K8-F8 -> 0 | M8: =G8/H8 -> 33.6
A9: 6224 BLUBLK | B9: Sunglass, 6224 2tone BlueBlack | C9: 2187C | D9: Blue | E9: =SUMIF('Sunglasses BOM'!$D$1:$D$79,B9,'Sunglasses BOM'!$E$1:$E$79) -> 33600 | F9: {=SUMPRODUCT((MOD(COLUMN($O9:$FT9)-COLUMN($O9),2)=0)*($O9:$FT9))} -> 0 | G9: =E9-F9 -> 33600 | H9: ='Final Processes daily output'!$F$3 -> 4000 | I9: =VLOOKUP(C9,'Molding ABS DPR'!$A$4:$D$19,4,FALSE) -> 0 | J9: =VLOOKUP(C9,'Molding ABS DPR'!$A$26:$D$41,4,FALSE) -> 0 | K9: =MIN(ROUNDDOWN(I9/'Pre assembly BOM'!E7,0),ROUNDDOWN(J9/'Pre assembly BOM'!H7,0)) -> 0 | L9: =K9-F9 -> 0 | M9: =G9/H9 -> 8.4
A10: 6224 BLUWHT | B10: Sunglass, 6224 2tone Bluewhite | C10: 2187C | D10: Blue | E10: =SUMIF('Sunglasses BOM'!$D$1:$D$79,B10,'Sunglasses BOM'!$E$1:$E$79) -> 16800 | F10: {=SUMPRODUCT((MOD(COLUMN($O10:$FT10)-COLUMN($O10),2)=0)*($O10:$FT10))} -> 0 | G10: =E10-F10 -> 16800 | H10: ='Final Processes daily output'!$F$3 -> 4000 | I10: =VLOOKUP(C10,'Molding ABS DPR'!$A$4:$D$19,4,FALSE) -> 0 | J10: =VLOOKUP(C10,'Molding ABS DPR'!$A$26:$D$41,4,FALSE) -> 0 | K10: =MIN(ROUNDDOWN(I10/'Pre assembly BOM'!E8,0),ROUNDDOWN(J10/'Pre assembly BOM'!H8,0)) -> 0 | L10: =K10-F10 -> 0 | M10: =G10/H10 -> 4.2
A11: 6224 REDBLK | B11: Sunglass, 6224 2tone redblack | C11: 201C | D11: Red | E11: =SUMIF('Sunglasses BOM'!$D$1:$D$79,B11,'Sunglasses BOM'!$E$1:$E$79) -> 25200 | F11: {=SUMPRODUCT((MOD(COLUMN($O11:$FT11)-COLUMN($O11),2)=0)*($O11:$FT11))} -> 0 | G11: =E11-F11 -> 25200 | H11: ='Final Processes daily output'!$F$3 -> 4000 | I11: =VLOOKUP(C11,'Molding ABS DPR'!$A$4:$D$19,4,FALSE) -> 0 | J11: =VLOOKUP(C11,'Molding ABS DPR'!$A$26:$D$41,4,FALSE) -> 0 | K11: =MIN(ROUNDDOWN(I11/'Pre assembly BOM'!E9,0),ROUNDDOWN(J11/'Pre assembly BOM'!H9,0)) -> 0 | L11: =K11-F11 -> 0 | M11: =G11/H11 -> 6.3
A12: 6224 REDWHT | B12: Sunglass, 6224 2tone redwhite | C12: 201C | D12: Red | E12: =SUMIF('Sunglasses BOM'!$D$1:$D$79,B12,'Sunglasses BOM'!$E$1:$E$79) -> 8400 | F12: {=SUMPRODUCT((MOD(COLUMN($O12:$FT12)-COLUMN($O12),2)=0)*($O12:$FT12))} -> 0 | G12: =E12-F12 -> 8400 | H12: ='Final Processes daily output'!$F$3 -> 4000 | I12: =VLOOKUP(C12,'Molding ABS DPR'!$A$4:$D$19,4,FALSE) -> 0 | J12: =VLOOKUP(C12,'Molding ABS DPR'!$A$26:$D$41,4,FALSE) -> 0 | K12: =MIN(ROUNDDOWN(I12/'Pre assembly BOM'!E10,0),ROUNDDOWN(J12/'Pre assembly BOM'!H10,0)) -> 0 | L12: =K12-F12 -> 0 | M12: =G12/H12 -> 2.1
A13: 6207CLRBLU | B13: Sunglass, Clear W/Blue Lenses | C13: Clear | D13: Clear | E13: =SUMIF('Sunglasses BOM'!$D$1:$D$79,B13,'Sunglasses BOM'!$E$1:$E$79) -> 42000 | F13: {=SUMPRODUCT((MOD(COLUMN($O13:$FT13)-COLUMN($O13),2)=0)*($O13:$FT13))} -> 0 | G13: =E13-F13 -> 42000 | H13: ='Final Processes daily output'!$F$3 -> 4000 | I13: =VLOOKUP(C13,'Molding ABS DPR'!$A$4:$D$19,4,FALSE) -> 0 | J13: =VLOOKUP(C13,'Molding ABS DPR'!$A$26:$D$41,4,FALSE) -> 0 | K13: =MIN(ROUNDDOWN(I13/'Pre assembly BOM'!E11,0),ROUNDDOWN(J13/'Pre assembly BOM'!H11,0)) -> 0 | L13: =K13-F13 -> 0 | M13: =G13/H13 -> 10.5
A14: 6207CLRGRN | B14: Sunglass, Clear W/Green Lenses | C14: Clear | D14: Clear | E14: =SUMIF('Sunglasses BOM'!$D$1:$D$79,B14,'Sunglasses BOM'!$E$1:$E$79) -> 25200 | F14: {=SUMPRODUCT((MOD(COLUMN($O14:$FT14)-COLUMN($O14),2)=0)*($O14:$FT14))} -> 0 | G14: =E14-F14 -> 25200 | H14: ='Final Processes daily output'!$F$3 -> 4000 | I14: =VLOOKUP(C14,'Molding ABS DPR'!$A$4:$D$19,4,FALSE) -> 0 | J14: =VLOOKUP(C14,'Molding ABS DPR'!$A$26:$D$41,4,FALSE) -> 0 | K14: =MIN(ROUNDDOWN(I14/'Pre assembly BOM'!E12,0),ROUNDDOWN(J14/'Pre assembly BOM'!H12,0)) -> 0 | L14: =K14-F14 -> 0 | M14: =G14/H14 -> 6.3
A15: 6207CLRRED | B15: Sunglass, Clear W/Red Lenses | C15: Clear | D15: Clear | E15: =SUMIF('Sunglasses BOM'!$D$1:$D$79,B15,'Sunglasses BOM'!$E$1:$E$79) -> 16800 | F15: {=SUMPRODUCT((MOD(COLUMN($O15:$FT15)-COLUMN($O15),2)=0)*($O15:$FT15))} -> 0 | G15: =E15-F15 -> 16800 | H15: ='Final Processes daily output'!$F$3 -> 4000 | I15: =VLOOKUP(C15,'Molding ABS DPR'!$A$4:$D$19,4,FALSE) -> 0 | J15: =VLOOKUP(C15,'Molding ABS DPR'!$A$26:$D$41,4,FALSE) -> 0 | K15: =MIN(ROUNDDOWN(I15/'Pre assembly BOM'!E13,0),ROUNDDOWN(J15/'Pre assembly BOM'!H13,0)) -> 0 | L15: =K15-F15 -> 0 | M15: =G15/H15 -> 4.2
... A26: 6223PUR | B26: Sunglass, 6223, Purple | C26: 2077C | D26: Purple | E26: =SUMIF('Sunglasses BOM'!$D$1:$D$79,B26,'Sunglasses BOM'!$E$1:$E$79) -> 16800 | F26: {=SUMPRODUCT((MOD(COLUMN($O26:$FT26)-COLUMN($O26),2)=0)*($O26:$FT26))} -> 0 | G26: =E26-F26 -> 16800 | H26: ='Final Processes daily output'!$F$3 -> 4000 | I26: =VLOOKUP(C26,'Molding ABS DPR'!$A$4:$D$19,4,FALSE) -> 0 | J26: =VLOOKUP(C26,'Molding ABS DPR'!$A$26:$D$41,4,FALSE) -> 0 | K26: =MIN(ROUNDDOWN(I26/'Pre assembly BOM'!E24,0),ROUNDDOWN(J26/'Pre assembly BOM'!H24,0)) -> 0 | L26: =K26-F26 -> 0 | M26: =G26/H26 -> 4.2

Sheet Pre assembly BOM
A1: Part # | B1: Description | C1: Frame Pantone | D1: Frame Color | E1: Quantity | F1: Temple Pantone | G1: Temple Color | H1: Quantity | I1: Rubberised
A2: 6223 BLK | B2: Sunglass, 6223 Black | C2: Black 6C | D2: Black | E2: 1 | F2: Black 6C | G2: Black | H2: 2
A3: 6223 NAV | B3: Sunglass, 6223 Navy | C3: 648C | D3: Navy | E3: 1 | F3: 648C | G3: Navy | H3: 2
A4: 6223 RED | B4: Sunglass, 6223 Red | C4: 1807C | D4: Red | E4: 1 | F4: 1807C | G4: Red | H4: 2
A5: 6223 ROY | B5: Sunglass, 6223 Royal | C5: 2746C | D5: Royal | E5: 1 | F5: 2746C | G5: Royal | H5: 2
A6: 6223 WHT | B6: Sunglass, 6223 White | C6: WHITE | D6: White | E6: 1 | F6: WHITE | G6: White | H6: 2
A7: 6224 BLUBLK | B7: Sunglass, 6224 2tone BlueBlack | C7: 2187C | D7: Blue | E7: 1 | F7: 2187C | G7: Blue | H7: 2
A8: 6224 BLUWHT | B8: Sunglass, 6224 2tone Bluewhite | C8: 2187C | D8: Blue | E8: 1 | F8: 2187C | G8: Blue | H8: 2
A9: 6224 LIMBLK | B9: Sunglass, 6224 2tone limeblack | C9: 368C | D9: Lime | E9: 1 | F9: 368C | G9: Lime | H9: 2
A10: 6224 ORNBLK | B10: Sunglass, 6224 2tone orangeblack | C10: 1655C | D10: Orange | E10: 1 | F10: 1655C | G10: Orange | H10: 2
A11: 6224 ORNWHT | B11: Sunglass, 6224 2tone orangewhite | C11: 1655C | D11: Orange | E11: 1 | F11: 1655C | G11: Orange | H11: 2
A12: 6224 REDBLK | B12: Sunglass, 6224 2tone redblack | C12: 201C | D12: Red | E12: 1 | F12: 201C | G12: Red | H12: 2
A13: 6224 REDWHT | B13: Sunglass, 6224 2tone redwhite | C13: 201C | D13: Red | E13: 1 | F13: 201C | G13: Red | H13: 2
... A25: 4000 BLK | B25: Sunglass, Black Frame, Black Temple | C25: Black C | D25: Black | E25: 1 | F25: Black C | G25: Black | H25: 2
A26: 4000 BLU | B26: Sunglass, Rubberised Blue | C26: 2144C | D26: Blue | E26: 1 | F26: 2144C | G26: Blue | H26: 2 | I26: Rubberised
A27: 4000 BLUBLU | B27: Sunglass, Blue Frame, Blue Temple | C27: 2144C | D27: Blue | E27: 1 | F27: 2144C | G27: Blue | H27: 2
A28: 4000 GRN | B28: Sunglass, Rubberised Green | C28: 2270C | D28: Green | E28: 1 | F28: 2270C | G28: Green | H28: 2 | I28: Rubberised
A29: 4000 GRNGRN | B29: Sunglass, Green Frame, Green Temple | C29: 2270C | D29: Green | E29: 1 | F29: 2270C | G29: Green | H29: 2
A30: 4000 RED | B30: Sunglass, Rubberised Red | C30: 7628C | D30: Red | E30: 1 | F30: 7628C | G30: Red | H30: 2 | I30: Rubberised
A31: 4000 REDRED | B31: Sunglass, Red Frame, Red Temple | C31: 7628C | D31: Red | E31: 1 | F31: 7628C | G31: Red | H31: 2
A32: 4000 WHT | B32: Sunglass, Rubberised White | C32: White | D32: White | E32: 1 | F32: White | G32: White | H32: 2 | I32: Rubberised
A33: 4000 WHTWHT | B33: Sunglass, White Frame, White Temple | C33: White | D33: White | E33: 1 | F33: White | G33: White | H33: 2
A34: 4000 GRA | B34: Sunglass Black Frame/Gray Temple | C34: Black C | D34: Black | E34: 1 | F34: 423C | G34: Grey | H34: 2
A35: 4000 MARMAR | B35: Sunglass Mar Frame/MAR Temple | C35: 7428C | D35: Mar | E35: 1 | F35: 7428C | G35: Mar | H35: 2
A36: 4000 ORN | B36: Rubberised Sunglasses Orange | C36: 1645C | D36: Orange | E36: 1 | F36: 1645C | G36: Orange | H36: 2 | I36: Rubberised
A37: 4000 ORNORN | B37: Sunglass Orange Frame/ORN Temple | C37: 1645C | D37: Orange | E37: 1 | F37: 1645C | G37: Orange | H37: 2
A38: 4000 PURPUR | B38: Sunglass PUR Frame/PUR Temple | C38: 267C | D38: Purple | E38: 1 | F38: 267C | G38: Purple | H38: 2
A39: 4000 WHTBLU | B39: Sunglass WHT Frame/BLU Temple | C39: White | D39: White | E39: 1 | F39: 2144C | G39: Blue | H39: 2
A40: 4000 WHTRED | B40: Sunglass WHT Frame/RED Temple | C40: White | D40: White | E40: 1 | F40: 7628C | G40: Red | H40: 2
A41: 6208WHTBLU | B41: Sunglass, WHT W/BLU Mirror lens | C41: WHITE | D41: White | E41: 1 | F41: WHITE | G41: White | H41: 2
A42: 6208WHTGRN | B42: Sunglass, WHT W/GRN Mirror lens | C42: WHITE | D42: White | E42: 1 | F42: WHITE | G42: White | H42: 2
A43: 6208WHTSIL | B43: Sunglass, WHT W/SIL Mirror lens | C43: WHITE | D43: White | E43: 1 | F43: WHITE | G43: White | H43: 2
A44: 6208WHTYEL | B44: Sunglass, WHT W/YEL Mirror lens | C44: WHITE | D44: White | E44: 1 | F44: WHITE | G44: White | H44: 2
A45: 4001BLKBLU | B45: Glasses, BLKBLU W/BLU Tint Lens | C45: Black C | D45: Black | E45: 1 | F45: 2144C | G45: Blue | H45: 2
A46: 4001BLKORN | B46: Glasses, BLKORN W/ORN Tint Lens | C46: Black C | D46: Black | E46: 1 | F46: 1645C | G46: Orange | H46: 2
A47: 3991NEONBLUBLK | B47: Sunglass Blue Frame/Black Arms | C47: 2174c | D47: Blue | E47: 1 | F47: Black C | G47: Black | H47: 2
A48: 3991NEONORNBLK | B48: Sunglass Orange Frame/Black Arms | C48: 1645C | D48: Orange | E48: 1 | F48: Black C | G48: Black | H48: 2

Sheet Screwing Pramara- DPR - ABS
A1: Material | B1: ABS | L1: Day 1 | N1: Day 2 | P1: Day 3 | R1: Day 4 | T1: Day 5 | V1: Day 6 | X1: Day 7 | Z1: Day 8 | AB1: Day 9 | AD1: Day 10 | AF1: Day 11 | AH1: Day 12 | AJ1: Day 13 | AL1: Day 14 | AN1: Day 15 | AP1: Day 16 | AR1: Day 17 | AT1: Day 18 | AV1: Day 19 | AX1: Day 20 | AZ1: Day 21 | BB1: Day 22 | BD1: Day 23 | BF1: Day 24 | BH1: Day 25 | BJ1: Day 26 | BL1: Day 27 | BN1: Day 28 | BP1: Day 29 | BR1: Day 30 | BT1: Day 31 | BV1: Day 32 | BX1: Day 33 | BZ1: Day 34 | CB1: Day 35 | CD1: Day 36 | CF1: Day 37 | CH1: Day 38 | CJ1: Day 39 | CL1: Day 40 | CN1: Day 41 | CP1: Day 42 | CR1: Day 43 | CT1: Day 44 | CV1: Day 45 | CX1: Day 46 | CZ1: Day 47 | DB1: Day 48 | DD1: Day 49 | DF1: Day 50 | DH1: Day 51
L2: 45967 | N2: =WORKDAY.INTL(L2,1,"0000001") -> 45968 | P2: =WORKDAY.INTL(N2,1,"0000001") -> 45969 | R2: =WORKDAY.INTL(P2,1,"0000001") -> 45971 | T2: =WORKDAY.INTL(R2,1,"0000001") -> 45972 | V2: =WORKDAY.INTL(T2,1,"0000001") -> 45973 | X2: =WORKDAY.INTL(V2,1,"0000001") -> 45974 | Z2: =WORKDAY.INTL(X2,1,"0000001") -> 45975 | AB2: =WORKDAY.INTL(Z2,1,"0000001") -> 45976 | AD2: =WORKDAY.INTL(AB2,1,"0000001") -> 45978 | AF2: =WORKDAY.INTL(AD2,1,"0000001") -> 45979 | AH2: =WORKDAY.INTL(AF2,1,"0000001") -> 45980 | AJ2: =WORKDAY.INTL(AH2,1,"0000001") -> 45981 | AL2: =WORKDAY.INTL(AJ2,1,"0000001") -> 45982 | AN2: =WORKDAY.INTL(AL2,1,"0000001") -> 45983 | AP2: =WORKDAY.INTL(AN2,1,"0000001") -> 45985 | AR2: =WORKDAY.INTL(AP2,1,"0000001") -> 45986 | AT2: =WORKDAY.INTL(AR2,1,"0000001") -> 45987 | AV2: =WORKDAY.INTL(AT2,1,"0000001") -> 45988 | AX2: =WORKDAY.INTL(AV2,1,"0000001") -> 45989 | AZ2: =WORKDAY.INTL(AX2,1,"0000001") -> 45990 | BB2: =WORKDAY.INTL(AZ2,1,"0000001") -> 45992 | BD2: =WORKDAY.INTL(BB2,1,"0000001") -> 45993 | BF2: =WORKDAY.INTL(BD2,1,"0000001") -> 45994 | BH2: =WORKDAY.INTL(BF2,1,"0000001") -> 45995 | BJ2: =WORKDAY.INTL(BH2,1,"0000001") -> 45996 | BL2: =WORKDAY.INTL(BJ2,1,"0000001") -> 45997 | BN2: =WORKDAY.INTL(BL2,1,"0000001") -> 45999 | BP2: =WORKDAY.INTL(BN2,1,"0000001") -> 46000 | BR2: =WORKDAY.INTL(BP2,1,"0000001") -> 46001 | BT2: =WORKDAY.INTL(BR2,1,"0000001") -> 46002 | BV2: =WORKDAY.INTL(BT2,1,"0000001") -> 46003 | BX2: =WORKDAY.INTL(BV2,1,"0000001") -> 46004 | BZ2: =WORKDAY.INTL(BX2,1,"0000001") -> 46006 | CB2: =WORKDAY.INTL(BZ2,1,"0000001") -> 46007 | CD2: =WORKDAY.INTL(CB2,1,"0000001") -> 46008 | CF2: =WORKDAY.INTL(CD2,1,"0000001") -> 46009 | CH2: =WORKDAY.INTL(CF2,1,"0000001") -> 46010 | CJ2: =WORKDAY.INTL(CH2,1,"0000001") -> 46011 | CL2: =WORKDAY.INTL(CJ2,1,"0000001") -> 46013 | CN2: =WORKDAY.INTL(CL2,1,"0000001") -> 46014 | CP2: =WORKDAY.INTL(CN2,1,"0000001") -> 46015 | CR2: =WORKDAY.INTL(CP2,1,"0000001") -> 46016 | CT2: =WORKDAY.INTL(CR2,1,"0000001") -> 46017 | CV2: =WORKDAY.INTL(CT2,1,"0000001") -> 46018 | CX2: =WORKDAY.INTL(CV2,1,"0000001") -> 46020 | CZ2: =WORKDAY.INTL(CX2,1,"0000001") -> 46021 | DB2: =WORKDAY.INTL(CZ2,1,"0000001") -> 46022 | DD2: =WORKDAY.INTL(DB2,1,"0000001") -> 46023 | DF2: =WORKDAY.INTL(DD2,1,"0000001") -> 46024 | DH2: =WORKDAY.INTL(DF2,1,"0000001") -> 46025
A3: Part No. | B3: Description | C3: Frame Pantone | D3: Frame Color | E3: Order Qty | F3: Done Till Date | G3: Pending | H3: Daily Capacity | I3: Available | J3: Pending Assembly | K3: Days required to complete | L3: Planned | M3: Actual | N3: Planned | O3: Actual | P3: Planned | Q3: Actual | R3: Planned | S3: Actual | T3: Planned | U3: Actual | V3: Planned | W3: Actual | X3: Planned | Y3: Actual | Z3: Planned | AA3: Actual | AB3: Planned | AC3: Actual | AD3: Planned | AE3: Actual | AF3: Planned | AG3: Actual | AH3: Planned | AI3: Actual | AJ3: Planned | AK3: Actual | AL3: Planned | AM3: Actual | AN3: Planned | AO3: Actual | AP3: Planned | AQ3: Actual | AR3: Planned | AS3: Actual | AT3: Planned | AU3: Actual | AV3: Planned | AW3: Actual | AX3: Planned | AY3: Actual | AZ3: Planned | BA3: Actual | BB3: Planned | BC3: Actual | BD3: Planned | BE3: Actual | BF3: Planned | BG3: Actual | BH3: Planned | BI3: Actual | BJ3: Planned | BK3: Actual | BL3: Planned | BM3: Actual | BN3: Planned | BO3: Actual | BP3: Planned | BQ3: Actual | BR3: Planned | BS3: Actual | BT3: Planned | BU3: Actual | BV3: Planned | BW3: Actual | BX3: Planned | BY3: Actual | BZ3: Planned | CA3: Actual | CB3: Planned | CC3: Actual | CD3: Planned | CE3: Actual | CF3: Planned | CG3: Actual | CH3: Planned | CI3: Actual | CJ3: Planned | CK3: Actual | CL3: Planned | CM3: Actual | CN3: Planned | CO3: Actual | CP3: Planned | CQ3: Actual | CR3: Planned | CS3: Actual | CT3: Planned | CU3: Actual | CV3: Planned | CW3: Actual | CX3: Planned | CY3: Actual | CZ3: Planned | DA3: Actual | DB3: Planned | DC3: Actual | DD3: Planned | DE3: Actual | DF3: Planned | DG3: Actual | DH3: Planned | DI3: Actual
A4: 6223 BLK | B4: Sunglass, 6223 Black | C4: Black 6C | D4: Black | E4: =SUMIF('Sunglasses BOM'!$D$1:$D$79,B4,'Sunglasses BOM'!$E$1:$E$79) -> 218400 | F4: {=SUMPRODUCT((MOD(COLUMN($M4:$FR4)-COLUMN($M4),2)=0)*($M4:$FR4))} -> 0 | G4: =E4-F4 -> 218400 | H4: ='Final Processes daily output'!$F$6 -> 27000 | I4: =_xlfn.XLOOKUP(A4,'Buffing DPR - ABS'!$A$4:$A$26,'Buffing DPR - ABS'!$F$4:$F$26) -> 0 | J4: =I4-F4 -> 0 | K4: =G4/H4 -> 8.0888889
A5: 6223 NAV | B5: Sunglass, 6223 Navy | C5: 648C | D5: Navy | E5: =SUMIF('Sunglasses BOM'!$D$1:$D$79,B5,'Sunglasses BOM'!$E$1:$E$79) -> 100800 | F5: {=SUMPRODUCT((MOD(COLUMN($M5:$FR5)-COLUMN($M5),2)=0)*($M5:$FR5))} -> 0 | G5: =E5-F5 -> 100800 | H5: ='Final Processes daily output'!$F$6 -> 27000 | I5: =_xlfn.XLOOKUP(A5,'Buffing DPR - ABS'!$A$4:$A$26,'Buffing DPR - ABS'!$F$4:$F$26) -> 0 | J5: =I5-F5 -> 0 | K5: =G5/H5 -> 3.7333333
A6: 6223 RED | B6: Sunglass, 6223 Red | C6: 1807C | D6: Red | E6: =SUMIF('Sunglasses BOM'!$D$1:$D$79,B6,'Sunglasses BOM'!$E$1:$E$79) -> 151200 | F6: {=SUMPRODUCT((MOD(COLUMN($M6:$FR6)-COLUMN($M6),2)=0)*($M6:$FR6))} -> 0 | G6: =E6-F6 -> 151200 | H6: ='Final Processes daily output'!$F$6 -> 27000 | I6: =_xlfn.XLOOKUP(A6,'Buffing DPR - ABS'!$A$4:$A$26,'Buffing DPR - ABS'!$F$4:$F$26) -> 0 | J6: =I6-F6 -> 0 | K6: =G6/H6 -> 5.6
A7: 6223 ROY | B7: Sunglass, 6223 Royal | C7: 2746C | D7: Royal | E7: =SUMIF('Sunglasses BOM'!$D$1:$D$79,B7,'Sunglasses BOM'!$E$1:$E$79) -> 100800 | F7: {=SUMPRODUCT((MOD(COLUMN($M7:$FR7)-COLUMN($M7),2)=0)*($M7:$FR7))} -> 0 | G7: =E7-F7 -> 100800 | H7: ='Final Processes daily output'!$F$6 -> 27000 | I7: =_xlfn.XLOOKUP(A7,'Buffing DPR - ABS'!$A$4:$A$26,'Buffing DPR - ABS'!$F$4:$F$26) -> 0 | J7: =I7-F7 -> 0 | K7: =G7/H7 -> 3.7333333
A8: 6223 WHT | B8: Sunglass, 6223 White | C8: WHITE | D8: White | E8: =SUMIF('Sunglasses BOM'!$D$1:$D$79,B8,'Sunglasses BOM'!$E$1:$E$79) -> 134400 | F8: {=SUMPRODUCT((MOD(COLUMN($M8:$FR8)-COLUMN($M8),2)=0)*($M8:$FR8))} -> 0 | G8: =E8-F8 -> 134400 | H8: ='Final Processes daily output'!$F$6 -> 27000 | I8: =_xlfn.XLOOKUP(A8,'Buffing DPR - ABS'!$A$4:$A$26,'Buffing DPR - ABS'!$F$4:$F$26) -> 0 | J8: =I8-F8 -> 0 | K8: =G8/H8 -> 4.9777778
A9: 6224 BLUBLK | B9: Sunglass, 6224 2tone BlueBlack | C9: 2187C | D9: Blue | E9: =SUMIF('Sunglasses BOM'!$D$1:$D$79,B9,'Sunglasses BOM'!$E$1:$E$79) -> 33600 | F9: {=SUMPRODUCT((MOD(COLUMN($M9:$FR9)-COLUMN($M9),2)=0)*($M9:$FR9))} -> 0 | G9: =E9-F9 -> 33600 | H9: ='Final Processes daily output'!$F$6 -> 27000 | I9: =_xlfn.XLOOKUP(A9,'Buffing DPR - ABS'!$A$4:$A$26,'Buffing DPR - ABS'!$F$4:$F$26) -> 0 | J9: =I9-F9 -> 0 | K9: =G9/H9 -> 1.2444444
A10: 6224 BLUWHT | B10: Sunglass, 6224 2tone Bluewhite | C10: 2187C | D10: Blue | E10: =SUMIF('Sunglasses BOM'!$D$1:$D$79,B10,'Sunglasses BOM'!$E$1:$E$79) -> 16800 | F10: {=SUMPRODUCT((MOD(COLUMN($M10:$FR10)-COLUMN($M10),2)=0)*($M10:$FR10))} -> 0 | G10: =E10-F10 -> 16800 | H10: ='Final Processes daily output'!$F$6 -> 27000 | I10: =_xlfn.XLOOKUP(A10,'Buffing DPR - ABS'!$A$4:$A$26,'Buffing DPR - ABS'!$F$4:$F$26) -> 0 | J10: =I10-F10 -> 0 | K10: =G10/H10 -> 0.62222222
A11: 6224 REDBLK | B11: Sunglass, 6224 2tone redblack | C11: 201C | D11: Red | E11: =SUMIF('Sunglasses BOM'!$D$1:$D$79,B11,'Sunglasses BOM'!$E$1:$E$79) -> 25200 | F11: {=SUMPRODUCT((MOD(COLUMN($M11:$FR11)-COLUMN($M11),2)=0)*($M11:$FR11))} -> 0 | G11: =E11-F11 -> 25200 | H11: ='Final Processes daily output'!$F$6 -> 27000 | I11: =_xlfn.XLOOKUP(A11,'Buffing DPR - ABS'!$A$4:$A$26,'Buffing DPR - ABS'!$F$4:$F$26) -> 0 | J11: =I11-F11 -> 0 | K11: =G11/H11 -> 0.93333333
A12: 6224 REDWHT | B12: Sunglass, 6224 2tone redwhite | C12: 201C | D12: Red | E12: =SUMIF('Sunglasses BOM'!$D$1:$D$79,B12,'Sunglasses BOM'!$E$1:$E$79) -> 8400 | F12: {=SUMPRODUCT((MOD(COLUMN($M12:$FR12)-COLUMN($M12),2)=0)*($M12:$FR12))} -> 0 | G12: =E12-F12 -> 8400 | H12: ='Final Processes daily output'!$F$6 -> 27000 | I12: =_xlfn.XLOOKUP(A12,'Buffing DPR - ABS'!$A$4:$A$26,'Buffing DPR - ABS'!$F$4:$F$26) -> 0 | J12: =I12-F12 -> 0 | K12: =G12/H12 -> 0.31111111
A13: 6207CLRBLU | B13: Sunglass, Clear W/Blue Lenses | C13: Clear | D13: Clear | E13: =SUMIF('Sunglasses BOM'!$D$1:$D$79,B13,'Sunglasses BOM'!$E$1:$E$79) -> 42000 | F13: {=SUMPRODUCT((MOD(COLUMN($M13:$FR13)-COLUMN($M13),2)=0)*($M13:$FR13))} -> 0 | G13: =E13-F13 -> 42000 | H13: ='Final Processes daily output'!$F$6 -> 27000 | I13: =_xlfn.XLOOKUP(A13,'Buffing DPR - ABS'!$A$4:$A$26,'Buffing DPR - ABS'!$F$4:$F$26) -> 0 | J13: =I13-F13 -> 0 | K13: =G13/H13 -> 1.5555556
A14: 6207CLRGRN | B14: Sunglass, Clear W/Green Lenses | C14: Clear | D14: Clear | E14: =SUMIF('Sunglasses BOM'!$D$1:$D$79,B14,'Sunglasses BOM'!$E$1:$E$79) -> 25200 | F14: {=SUMPRODUCT((MOD(COLUMN($M14:$FR14)-COLUMN($M14),2)=0)*($M14:$FR14))} -> 0 | G14: =E14-F14 -> 25200 | H14: ='Final Processes daily output'!$F$6 -> 27000 | I14: =_xlfn.XLOOKUP(A14,'Buffing DPR - ABS'!$A$4:$A$26,'Buffing DPR - ABS'!$F$4:$F$26) -> 0 | J14: =I14-F14 -> 0 | K14: =G14/H14 -> 0.93333333
A15: 6207CLRRED | B15: Sunglass, Clear W/Red Lenses | C15: Clear | D15: Clear | E15: =SUMIF('Sunglasses BOM'!$D$1:$D$79,B15,'Sunglasses BOM'!$E$1:$E$79) -> 16800 | F15: {=SUMPRODUCT((MOD(COLUMN($M15:$FR15)-COLUMN($M15),2)=0)*($M15:$FR15))} -> 0 | G15: =E15-F15 -> 16800 | H15: ='Final Processes daily output'!$F$6 -> 27000 | I15: =_xlfn.XLOOKUP(A15,'Buffing DPR - ABS'!$A$4:$A$26,'Buffing DPR - ABS'!$F$4:$F$26) -> 0 | J15: =I15-F15 -> 0 | K15: =G15/H15 -> 0.62222222
... A26: 6223PUR | B26: Sunglass, 6223, Purple | C26: 2077C | D26: Purple | E26: =SUMIF('Sunglasses BOM'!$D$1:$D$79,B26,'Sunglasses BOM'!$E$1:$E$79) -> 16800 | F26: {=SUMPRODUCT((MOD(COLUMN($M26:$FR26)-COLUMN($M26),2)=0)*($M26:$FR26))} -> 0 | G26: =E26-F26 -> 16800 | H26: ='Final Processes daily output'!$F$6 -> 27000 | I26: =_xlfn.XLOOKUP(A26,'Buffing DPR - ABS'!$A$4:$A$26,'Buffing DPR - ABS'!$F$4:$F$26) -> 0 | J26: =I26-F26 -> 0 | K26: =G26/H26 -> 0.62222222

Sheet Screwing PP DPR
A1: Material | B1: PP | Q1: Day 1 | S1: Day 2 | U1: Day 3 | W1: Day 4 | Y1: Day 5 | AA1: Day 6 | AC1: Day 7 | AE1: Day 8 | AG1: Day 9 | AI1: Day 10 | AK1: Day 11 | AM1: Day 12 | AO1: Day 13 | AQ1: Day 14 | AS1: Day 15 | AU1: Day 16 | AW1: Day 17 | AY1: Day 18 | BA1: Day 19 | BC1: Day 20 | BE1: Day 21 | BG1: Day 22 | BI1: Day 23 | BK1: Day 24 | BM1: Day 25 | BO1: Day 26 | BQ1: Day 27 | BS1: Day 28 | BU1: Day 29 | BW1: Day 30 | BY1: Day 31 | CA1: Day 32 | CC1: Day 33 | CE1: Day 34 | CG1: Day 35 | CI1: Day 36 | CK1: Day 37 | CM1: Day 38 | CO1: Day 39 | CQ1: Day 40 | CS1: Day 41 | CU1: Day 42 | CW1: Day 43 | CY1: Day 44 | DA1: Day 45 | DC1: Day 46 | DE1: Day 47 | DG1: Day 48 | DI1: Day 49 | DK1: Day 50 | DM1: Day 51
Q2: 45967 | S2: =WORKDAY.INTL(Q2,1,"0000001") -> 45968 | U2: =WORKDAY.INTL(S2,1,"0000001") -> 45969 | W2: =WORKDAY.INTL(U2,1,"0000001") -> 45971 | Y2: =WORKDAY.INTL(W2,1,"0000001") -> 45972 | AA2: =WORKDAY.INTL(Y2,1,"0000001") -> 45973 | AC2: =WORKDAY.INTL(AA2,1,"0000001") -> 45974 | AE2: =WORKDAY.INTL(AC2,1,"0000001") -> 45975 | AG2: =WORKDAY.INTL(AE2,1,"0000001") -> 45976 | AI2: =WORKDAY.INTL(AG2,1,"0000001") -> 45978 | AK2: =WORKDAY.INTL(AI2,1,"0000001") -> 45979 | AM2: =WORKDAY.INTL(AK2,1,"0000001") -> 45980 | AO2: =WORKDAY.INTL(AM2,1,"0000001") -> 45981 | AQ2: =WORKDAY.INTL(AO2,1,"0000001") -> 45982 | AS2: =WORKDAY.INTL(AQ2,1,"0000001") -> 45983 | AU2: =WORKDAY.INTL(AS2,1,"0000001") -> 45985 | AW2: =WORKDAY.INTL(AU2,1,"0000001") -> 45986 | AY2: =WORKDAY.INTL(AW2,1,"0000001") -> 45987 | BA2: =WORKDAY.INTL(AY2,1,"0000001") -> 45988 | BC2: =WORKDAY.INTL(BA2,1,"0000001") -> 45989 | BE2: =WORKDAY.INTL(BC2,1,"0000001") -> 45990 | BG2: =WORKDAY.INTL(BE2,1,"0000001") -> 45992 | BI2: =WORKDAY.INTL(BG2,1,"0000001") -> 45993 | BK2: =WORKDAY.INTL(BI2,1,"0000001") -> 45994 | BM2: =WORKDAY.INTL(BK2,1,"0000001") -> 45995 | BO2: =WORKDAY.INTL(BM2,1,"0000001") -> 45996 | BQ2: =WORKDAY.INTL(BO2,1,"0000001") -> 45997 | BS2: =WORKDAY.INTL(BQ2,1,"0000001") -> 45999 | BU2: =WORKDAY.INTL(BS2,1,"0000001") -> 46000 | BW2: =WORKDAY.INTL(BU2,1,"0000001") -> 46001 | BY2: =WORKDAY.INTL(BW2,1,"0000001") -> 46002 | CA2: =WORKDAY.INTL(BY2,1,"0000001") -> 46003 | CC2: =WORKDAY.INTL(CA2,1,"0000001") -> 46004 | CE2: =WORKDAY.INTL(CC2,1,"0000001") -> 46006 | CG2: =WORKDAY.INTL(CE2,1,"0000001") -> 46007 | CI2: =WORKDAY.INTL(CG2,1,"0000001") -> 46008 | CK2: =WORKDAY.INTL(CI2,1,"0000001") -> 46009 | CM2: =WORKDAY.INTL(CK2,1,"0000001") -> 46010 | CO2: =WORKDAY.INTL(CM2,1,"0000001") -> 46011 | CQ2: =WORKDAY.INTL(CO2,1,"0000001") -> 46013 | CS2: =WORKDAY.INTL(CQ2,1,"0000001") -> 46014 | CU2: =WORKDAY.INTL(CS2,1,"0000001") -> 46015 | CW2: =WORKDAY.INTL(CU2,1,"0000001") -> 46016 | CY2: =WORKDAY.INTL(CW2,1,"0000001") -> 46017 | DA2: =WORKDAY.INTL(CY2,1,"0000001") -> 46018 | DC2: =WORKDAY.INTL(DA2,1,"0000001") -> 46020 | DE2: =WORKDAY.INTL(DC2,1,"0000001") -> 46021 | DG2: =WORKDAY.INTL(DE2,1,"0000001") -> 46022 | DI2: =WORKDAY.INTL(DG2,1,"0000001") -> 46023 | DK2: =WORKDAY.INTL(DI2,1,"0000001") -> 46024 | DM2: =WORKDAY.INTL(DK2,1,"0000001") -> 46025
A3: Part No. | B3: Description | C3: Frame Pantone | D3: Frame Color | E3: Temple Pantone | F3: Temple Color | G3: Rubberised | H3: Order Qty | I3: Done Till Date | J3: Pending | K3: Daily Capacity | L3: Available Frames | M3: Available Temples | N3: Trasnferred for Assembly | O3: Pending Assembly | P3: Days required to complete | Q3: Planned | R3: Actual | S3: Planned | T3: Actual | U3: Planned | V3: Actual | W3: Planned | X3: Actual | Y3: Planned | Z3: Actual | AA3: Planned | AB3: Actual | AC3: Planned | AD3: Actual | AE3: Planned | AF3: Actual | AG3: Planned | AH3: Actual | AI3: Planned | AJ3: Actual | AK3: Planned | AL3: Actual | AM3: Planned | AN3: Actual | AO3: Planned | AP3: Actual | AQ3: Planned | AR3: Actual | AS3: Planned | AT3: Actual | AU3: Planned | AV3: Actual | AW3: Planned | AX3: Actual | AY3: Planned | AZ3: Actual | BA3: Planned | BB3: Actual | BC3: Planned | BD3: Actual | BE3: Planned | BF3: Actual | BG3: Planned | BH3: Actual | BI3: Planned | BJ3: Actual | BK3: Planned | BL3: Actual | BM3: Planned | BN3: Actual | BO3: Planned | BP3: Actual | BQ3: Planned | BR3: Actual | BS3: Planned | BT3: Actual | BU3: Planned | BV3: Actual | BW3: Planned | BX3: Actual | BY3: Planned | BZ3: Actual | CA3: Planned | CB3: Actual | CC3: Planned | CD3: Actual | CE3: Planned | CF3: Actual | CG3: Planned | CH3: Actual | CI3: Planned | CJ3: Actual | CK3: Planned | CL3: Actual | CM3: Planned | CN3: Actual | CO3: Planned | CP3: Actual | CQ3: Planned | CR3: Actual | CS3: Planned | CT3: Actual | CU3: Planned | CV3: Actual | CW3: Planned | CX3: Actual | CY3: Planned | CZ3: Actual | DA3: Planned | DB3: Actual | DC3: Planned | DD3: Actual | DE3: Planned | DF3: Actual | DG3: Planned | DH3: Actual | DI3: Planned | DJ3: Actual | DK3: Planned | DL3: Actual | DM3: Planned | DN3: Actual
A4: 4000 BLK | B4: Sunglass, Black Frame, Black Temple | C4: Black C | D4: Black | E4: Black C | F4: Black | H4: =SUMIF('Sunglasses BOM'!C2:C79,A4,'Sunglasses BOM'!E2:E79) -> 117600 | I4: {=SUMPRODUCT((MOD(COLUMN($R4:$FW4)-COLUMN($R4),2)=0)*($R4:$FW4))} -> 0 | J4: =H4-I4 -> 117600 | K4: ='Final Processes daily output'!$F$9 -> 27000 | L4: =VLOOKUP(C4,'Molding PP DPR'!$A$4:$D$12,4,FALSE) -> 0 | M4: =VLOOKUP(E4,'Molding PP DPR'!$A$18:$D$26,4,FALSE) -> 0 | N4: =MIN(ROUNDDOWN(L4/'Pre assembly BOM'!E2,0),ROUNDDOWN(M4/'Pre assembly BOM'!H2,0)) -> 0 | O4: =N4-I4 -> 0 | P4: =J4/K4 -> 4.3555556
A5: 4000 BLU | B5: Sunglass, Rubberised Blue | C5: 2144C | D5: Blue | E5: 2144C | F5: Blue | G5: Rubberised | H5: =SUMIF('Sunglasses BOM'!C3:C80,A5,'Sunglasses BOM'!E3:E80) -> 58800 | I5: {=SUMPRODUCT((MOD(COLUMN($R5:$FW5)-COLUMN($R5),2)=0)*($R5:$FW5))} -> 0 | J5: =H5-I5 -> 58800 | K5: ='Final Processes daily output'!$F$9 -> 27000 | L5: =VLOOKUP(C5,'Molding PP DPR'!$A$4:$D$12,4,FALSE) -> 0 | M5: =VLOOKUP(E5,'Molding PP DPR'!$A$18:$D$26,4,FALSE) -> 0 | N5: =MIN(ROUNDDOWN(L5/'Pre assembly BOM'!E3,0),ROUNDDOWN(M5/'Pre assembly BOM'!H3,0)) -> 0 | O5: =N5-I5 -> 0 | P5: =J5/K5 -> 2.1777778
A6: 4000 BLUBLU | B6: Sunglass, Blue Frame, Blue Temple | C6: 2144C | D6: Blue | E6: 2144C | F6: Blue | H6: =SUMIF('Sunglasses BOM'!C4:C81,A6,'Sunglasses BOM'!E4:E81) -> 50400 | I6: {=SUMPRODUCT((MOD(COLUMN($R6:$FW6)-COLUMN($R6),2)=0)*($R6:$FW6))} -> 0 | J6: =H6-I6 -> 50400 | K6: ='Final Processes daily output'!$F$9 -> 27000 | L6: =VLOOKUP(C6,'Molding PP DPR'!$A$4:$D$12,4,FALSE) -> 0 | M6: =VLOOKUP(E6,'Molding PP DPR'!$A$18:$D$26,4,FALSE) -> 0 | N6: =MIN(ROUNDDOWN(L6/'Pre assembly BOM'!E4,0),ROUNDDOWN(M6/'Pre assembly BOM'!H4,0)) -> 0 | O6: =N6-I6 -> 0 | P6: =J6/K6 -> 1.8666667
A7: 4000 GRN | B7: Sunglass, Rubberised Green | C7: 2270C | D7: Green | E7: 2270C | F7: Green | G7: Rubberised | H7: =SUMIF('Sunglasses BOM'!C5:C82,A7,'Sunglasses BOM'!E5:E82) -> 25200 | I7: {=SUMPRODUCT((MOD(COLUMN($R7:$FW7)-COLUMN($R7),2)=0)*($R7:$FW7))} -> 0 | J7: =H7-I7 -> 25200 | K7: ='Final Processes daily output'!$F$9 -> 27000 | L7: =VLOOKUP(C7,'Molding PP DPR'!$A$4:$D$12,4,FALSE) -> 0 | M7: =VLOOKUP(E7,'Molding PP DPR'!$A$18:$D$26,4,FALSE) -> 0 | N7: =MIN(ROUNDDOWN(L7/'Pre assembly BOM'!E5,0),ROUNDDOWN(M7/'Pre assembly BOM'!H5,0)) -> 0 | O7: =N7-I7 -> 0 | P7: =J7/K7 -> 0.93333333
A8: 4000 GRNGRN | B8: Sunglass, Green Frame, Green Temple | C8: 2270C | D8: Green | E8: 2270C | F8: Green | H8: =SUMIF('Sunglasses BOM'!C6:C83,A8,'Sunglasses BOM'!E6:E83) -> 25200 | I8: {=SUMPRODUCT((MOD(COLUMN($R8:$FW8)-COLUMN($R8),2)=0)*($R8:$FW8))} -> 0 | J8: =H8-I8 -> 25200 | K8: ='Final Processes daily output'!$F$9 -> 27000 | L8: =VLOOKUP(C8,'Molding PP DPR'!$A$4:$D$12,4,FALSE) -> 0 | M8: =VLOOKUP(E8,'Molding PP DPR'!$A$18:$D$26,4,FALSE) -> 0 | N8: =MIN(ROUNDDOWN(L8/'Pre assembly BOM'!E6,0),ROUNDDOWN(M8/'Pre assembly BOM'!H6,0)) -> 0 | O8: =N8-I8 -> 0 | P8: =J8/K8 -> 0.93333333
A9: 4000 RED | B9: Sunglass, Rubberised Red | C9: 7628C | D9: Red | E9: 7628C | F9: Red | G9: Rubberised | H9: =SUMIF('Sunglasses BOM'!C7:C84,A9,'Sunglasses BOM'!E7:E84) -> 42000 | I9: {=SUMPRODUCT((MOD(COLUMN($R9:$FW9)-COLUMN($R9),2)=0)*($R9:$FW9))} -> 0 | J9: =H9-I9 -> 42000 | K9: ='Final Processes daily output'!$F$9 -> 27000 | L9: =VLOOKUP(C9,'Molding PP DPR'!$A$4:$D$12,4,FALSE) -> 0 | M9: =VLOOKUP(E9,'Molding PP DPR'!$A$18:$D$26,4,FALSE) -> 0 | N9: =MIN(ROUNDDOWN(L9/'Pre assembly BOM'!E7,0),ROUNDDOWN(M9/'Pre assembly BOM'!H7,0)) -> 0 | O9: =N9-I9 -> 0 | P9: =J9/K9 -> 1.5555556
A10: 4000 REDRED | B10: Sunglass, Red Frame, Red Temple | C10: 7628C | D10: Red | E10: 7628C | F10: Red | H10: =SUMIF('Sunglasses BOM'!C8:C85,A10,'Sunglasses BOM'!E8:E85) -> 42000 | I10: {=SUMPRODUCT((MOD(COLUMN($R10:$FW10)-COLUMN($R10),2)=0)*($R10:$FW10))} -> 0 | J10: =H10-I10 -> 42000 | K10: ='Final Processes daily output'!$F$9 -> 27000 | L10: =VLOOKUP(C10,'Molding PP DPR'!$A$4:$D$12,4,FALSE) -> 0 | M10: =VLOOKUP(E10,'Molding PP DPR'!$A$18:$D$26,4,FALSE) -> 0 | N10: =MIN(ROUNDDOWN(L10/'Pre assembly BOM'!E8,0),ROUNDDOWN(M10/'Pre assembly BOM'!H8,0)) -> 0 | O10: =N10-I10 -> 0 | P10: =J10/K10 -> 1.5555556
A11: 4000 WHT | B11: Sunglass, Rubberised White | C11: White | D11: White | E11: White | F11: White | G11: Rubberised | H11: =SUMIF('Sunglasses BOM'!C9:C86,A11,'Sunglasses BOM'!E9:E86) -> 33600 | I11: {=SUMPRODUCT((MOD(COLUMN($R11:$FW11)-COLUMN($R11),2)=0)*($R11:$FW11))} -> 0 | J11: =H11-I11 -> 33600 | K11: ='Final Processes daily output'!$F$9 -> 27000 | L11: =VLOOKUP(C11,'Molding PP DPR'!$A$4:$D$12,4,FALSE) -> 0 | M11: =VLOOKUP(E11,'Molding PP DPR'!$A$18:$D$26,4,FALSE) -> 0 | N11: =MIN(ROUNDDOWN(L11/'Pre assembly BOM'!E9,0),ROUNDDOWN(M11/'Pre assembly BOM'!H9,0)) -> 0 | O11: =N11-I11 -> 0 | P11: =J11/K11 -> 1.2444444
A12: 4000 WHTWHT | B12: Sunglass, White Frame, White Temple | C12: White | D12: White | E12: White | F12: White | H12: =SUMIF('Sunglasses BOM'!C10:C87,A12,'Sunglasses BOM'!E10:E87) -> 42000 | I12: {=SUMPRODUCT((MOD(COLUMN($R12:$FW12)-COLUMN($R12),2)=0)*($R12:$FW12))} -> 0 | J12: =H12-I12 -> 42000 | K12: ='Final Processes daily output'!$F$9 -> 27000 | L12: =VLOOKUP(C12,'Molding PP DPR'!$A$4:$D$12,4,FALSE) -> 0 | M12: =VLOOKUP(E12,'Molding PP DPR'!$A$18:$D$26,4,FALSE) -> 0 | N12: =MIN(ROUNDDOWN(L12/'Pre assembly BOM'!E10,0),ROUNDDOWN(M12/'Pre assembly BOM'!H10,0)) -> 0 | O12: =N12-I12 -> 0 | P12: =J12/K12 -> 1.5555556
A13: 4000 GRA | B13: Sunglass Black Frame/Gray Temple | C13: Black C | D13: Black | E13: 423C | F13: Grey | H13: =SUMIF('Sunglasses BOM'!C11:C88,A13,'Sunglasses BOM'!E11:E88) -> 8400 | I13: {=SUMPRODUCT((MOD(COLUMN($R13:$FW13)-COLUMN($R13),2)=0)*($R13:$FW13))} -> 0 | J13: =H13-I13 -> 8400 | K13: ='Final Processes daily output'!$F$9 -> 27000 | L13: =VLOOKUP(C13,'Molding PP DPR'!$A$4:$D$12,4,FALSE) -> 0 | M13: =VLOOKUP(E13,'Molding PP DPR'!$A$18:$D$26,4,FALSE) -> 0 | N13: =MIN(ROUNDDOWN(L13/'Pre assembly BOM'!E11,0),ROUNDDOWN(M13/'Pre assembly BOM'!H11,0)) -> 0 | O13: =N13-I13 -> 0 | P13: =J13/K13 -> 0.31111111
A14: 4000 MARMAR | B14: Sunglass Mar Frame/MAR Temple | C14: 7428C | D14: Mar | E14: 7428C | F14: Mar | H14: =SUMIF('Sunglasses BOM'!C12:C89,A14,'Sunglasses BOM'!E12:E89) -> 8400 | I14: {=SUMPRODUCT((MOD(COLUMN($R14:$FW14)-COLUMN($R14),2)=0)*($R14:$FW14))} -> 0 | J14: =H14-I14 -> 8400 | K14: ='Final Processes daily output'!$F$9 -> 27000 | L14: =VLOOKUP(C14,'Molding PP DPR'!$A$4:$D$12,4,FALSE) -> 0 | M14: =VLOOKUP(E14,'Molding PP DPR'!$A$18:$D$26,4,FALSE) -> 0 | N14: =MIN(ROUNDDOWN(L14/'Pre assembly BOM'!E12,0),ROUNDDOWN(M14/'Pre assembly BOM'!H12,0)) -> 0 | O14: =N14-I14 -> 0 | P14: =J14/K14 -> 0.31111111
A15: 4000 ORN | B15: Rubberised Sunglasses Orange | C15: 1645C | D15: Orange | E15: 1645C | F15: Orange | G15: Rubberised | H15: =SUMIF('Sunglasses BOM'!C13:C90,A15,'Sunglasses BOM'!E13:E90) -> 16800 | I15: {=SUMPRODUCT((MOD(COLUMN($R15:$FW15)-COLUMN($R15),2)=0)*($R15:$FW15))} -> 0 | J15: =H15-I15 -> 16800 | K15: ='Final Processes daily output'!$F$9 -> 27000 | L15: =VLOOKUP(C15,'Molding PP DPR'!$A$4:$D$12,4,FALSE) -> 0 | M15: =VLOOKUP(E15,'Molding PP DPR'!$A$18:$D$26,4,FALSE) -> 0 | N15: =MIN(ROUNDDOWN(L15/'Pre assembly BOM'!E13,0),ROUNDDOWN(M15/'Pre assembly BOM'!H13,0)) -> 0 | O15: =N15-I15 -> 0 | P15: =J15/K15 -> 0.62222222
A16: 4000 ORNORN | B16: Sunglass Orange Frame/ORN Temple | C16: 1645C | D16: Orange | E16: 1645C | F16: Orange | H16: =SUMIF('Sunglasses BOM'!C14:C91,A16,'Sunglasses BOM'!E14:E91) -> 25200 | I16: {=SUMPRODUCT((MOD(COLUMN($R16:$FW16)-COLUMN($R16),2)=0)*($R16:$FW16))} -> 0 | J16: =H16-I16 -> 25200 | K16: ='Final Processes daily output'!$F$9 -> 27000 | L16: =VLOOKUP(C16,'Molding PP DPR'!$A$4:$D$12,4,FALSE) -> 0 | M16: =VLOOKUP(E16,'Molding PP DPR'!$A$18:$D$26,4,FALSE) -> 0 | N16: =MIN(ROUNDDOWN(L16/'Pre assembly BOM'!E14,0),ROUNDDOWN(M16/'Pre assembly BOM'!H14,0)) -> 0 | O16: =N16-I16 -> 0 | P16: =J16/K16 -> 0.93333333
A17: 4000 PURPUR | B17: Sunglass PUR Frame/PUR Temple | C17: 267C | D17: Purple | E17: 267C | F17: Purple | H17: =SUMIF('Sunglasses BOM'!C15:C92,A17,'Sunglasses BOM'!E15:E92) -> 25200 | I17: {=SUMPRODUCT((MOD(COLUMN($R17:$FW17)-COLUMN($R17),2)=0)*($R17:$FW17))} -> 0 | J17: =H17-I17 -> 25200 | K17: ='Final Processes daily output'!$F$9 -> 27000 | L17: =VLOOKUP(C17,'Molding PP DPR'!$A$4:$D$12,4,FALSE) -> 0 | M17: =VLOOKUP(E17,'Molding PP DPR'!$A$18:$D$26,4,FALSE) -> 0 | N17: =MIN(ROUNDDOWN(L17/'Pre assembly BOM'!E15,0),ROUNDDOWN(M17/'Pre assembly BOM'!H15,0)) -> 0 | O17: =N17-I17 -> 0 | P17: =J17/K17 -> 0.93333333
A18: 4000 WHTBLU | B18: Sunglass WHT Frame/BLU Temple | C18: White | D18: White | E18: 2144C | F18: Blue | H18: =SUMIF('Sunglasses BOM'!C16:C93,A18,'Sunglasses BOM'!E16:E93) -> 33600 | I18: {=SUMPRODUCT((MOD(COLUMN($R18:$FW18)-COLUMN($R18),2)=0)*($R18:$FW18))} -> 0 | J18: =H18-I18 -> 33600 | K18: ='Final Processes daily output'!$F$9 -> 27000 | L18: =VLOOKUP(C18,'Molding PP DPR'!$A$4:$D$12,4,FALSE) -> 0 | M18: =VLOOKUP(E18,'Molding PP DPR'!$A$18:$D$26,4,FALSE) -> 0 | N18: =MIN(ROUNDDOWN(L18/'Pre assembly BOM'!E16,0),ROUNDDOWN(M18/'Pre assembly BOM'!H16,0)) -> 0 | O18: =N18-I18 -> 0 | P18: =J18/K18 -> 1.2444444
A19: 4000 WHTRED | B19: Sunglass WHT Frame/RED Temple | C19: White | D19: White | E19: 7628C | F19: Red | H19: =SUMIF('Sunglasses BOM'!C17:C94,A19,'Sunglasses BOM'!E17:E94) -> 16800 | I19: {=SUMPRODUCT((MOD(COLUMN($R19:$FW19)-COLUMN($R19),2)=0)*($R19:$FW19))} -> 0 | J19: =H19-I19 -> 16800 | K19: ='Final Processes daily output'!$F$9 -> 27000 | L19: =VLOOKUP(C19,'Molding PP DPR'!$A$4:$D$12,4,FALSE) -> 0 | M19: =VLOOKUP(E19,'Molding PP DPR'!$A$18:$D$26,4,FALSE) -> 0 | N19: =MIN(ROUNDDOWN(L19/'Pre assembly BOM'!E17,0),ROUNDDOWN(M19/'Pre assembly BOM'!H17,0)) -> 0 | O19: =N19-I19 -> 0 | P19: =J19/K19 -> 0.62222222
A20: 6208WHTBLU | B20: Sunglass, WHT W/BLU Mirror lens | C20: WHITE | D20: White | E20: WHITE | F20: White | H20: =SUMIF('Sunglasses BOM'!C18:C95,A20,'Sunglasses BOM'!E18:E95) -> 50400 | I20: {=SUMPRODUCT((MOD(COLUMN($R20:$FW20)-COLUMN($R20),2)=0)*($R20:$FW20))} -> 0 | J20: =H20-I20 -> 50400 | K20: ='Final Processes daily output'!$F$9 -> 27000 | L20: =VLOOKUP(C20,'Molding PP DPR'!$A$4:$D$12,4,FALSE) -> 0 | M20: =VLOOKUP(E20,'Molding PP DPR'!$A$18:$D$26,4,FALSE) -> 0 | N20: =MIN(ROUNDDOWN(L20/'Pre assembly BOM'!E18,0),ROUNDDOWN(M20/'Pre assembly BOM'!H18,0)) -> 0 | O20: =N20-I20 -> 0 | P20: =J20/K20 -> 1.8666667
A21: 6208WHTGRN | B21: Sunglass, WHT W/GRN Mirror lens | C21: WHITE | D21: White | E21: WHITE | F21: White | H21: =SUMIF('Sunglasses BOM'!C19:C96,A21,'Sunglasses BOM'!E19:E96) -> 50400 | I21: {=SUMPRODUCT((MOD(COLUMN($R21:$FW21)-COLUMN($R21),2)=0)*($R21:$FW21))} -> 0 | J21: =H21-I21 -> 50400 | K21: ='Final Processes daily output'!$F$9 -> 27000 | L21: =VLOOKUP(C21,'Molding PP DPR'!$A$4:$D$12,4,FALSE) -> 0 | M21: =VLOOKUP(E21,'Molding PP DPR'!$A$18:$D$26,4,FALSE) -> 0 | N21: =MIN(ROUNDDOWN(L21/'Pre assembly BOM'!E19,0),ROUNDDOWN(M21/'Pre assembly BOM'!H19,0)) -> 0 | O21: =N21-I21 -> 0 | P21: =J21/K21 -> 1.8666667
A22: 6208WHTSIL | B22: Sunglass, WHT W/SIL Mirror lens | C22: WHITE | D22: White | E22: WHITE | F22: White | H22: =SUMIF('Sunglasses BOM'!C20:C97,A22,'Sunglasses BOM'!E20:E97) -> 8400 | I22: {=SUMPRODUCT((MOD(COLUMN($R22:$FW22)-COLUMN($R22),2)=0)*($R22:$FW22))} -> 0 | J22: =H22-I22 -> 8400 | K22: ='Final Processes daily output'!$F$9 -> 27000 | L22: =VLOOKUP(C22,'Molding PP DPR'!$A$4:$D$12,4,FALSE) -> 0 | M22: =VLOOKUP(E22,'Molding PP DPR'!$A$18:$D$26,4,FALSE) -> 0 | N22: =MIN(ROUNDDOWN(L22/'Pre assembly BOM'!E20,0),ROUNDDOWN(M22/'Pre assembly BOM'!H20,0)) -> 0 | O22: =N22-I22 -> 0 | P22: =J22/K22 -> 0.31111111
A23: 6208WHTYEL | B23: Sunglass, WHT W/YEL Mirror lens | C23: WHITE | D23: White | E23: WHITE | F23: White | H23: =SUMIF('Sunglasses BOM'!C21:C98,A23,'Sunglasses BOM'!E21:E98) -> 16800 | I23: {=SUMPRODUCT((MOD(COLUMN($R23:$FW23)-COLUMN($R23),2)=0)*($R23:$FW23))} -> 0 | J23: =H23-I23 -> 16800 | K23: ='Final Processes daily output'!$F$9 -> 27000 | L23: =VLOOKUP(C23,'Molding PP DPR'!$A$4:$D$12,4,FALSE) -> 0 | M23: =VLOOKUP(E23,'Molding PP DPR'!$A$18:$D$26,4,FALSE) -> 0 | N23: =MIN(ROUNDDOWN(L23/'Pre assembly BOM'!E21,0),ROUNDDOWN(M23/'Pre assembly BOM'!H21,0)) -> 0 | O23: =N23-I23 -> 0 | P23: =J23/K23 -> 0.62222222
A24: 4001BLKBLU | B24: Glasses, BLKBLU W/BLU Tint Lens | C24: Black C | D24: Black | E24: 2144C | F24: Blue | H24: =SUMIF('Sunglasses BOM'!C22:C99,A24,'Sunglasses BOM'!E22:E99) -> 25200 | I24: {=SUMPRODUCT((MOD(COLUMN($R24:$FW24)-COLUMN($R24),2)=0)*($R24:$FW24))} -> 0 | J24: =H24-I24 -> 25200 | K24: ='Final Processes daily output'!$F$9 -> 27000 | L24: =VLOOKUP(C24,'Molding PP DPR'!$A$4:$D$12,4,FALSE) -> 0 | M24: =VLOOKUP(E24,'Molding PP DPR'!$A$18:$D$26,4,FALSE) -> 0 | N24: =MIN(ROUNDDOWN(L24/'Pre assembly BOM'!E22,0),ROUNDDOWN(M24/'Pre assembly BOM'!H22,0)) -> 0 | O24: =N24-I24 -> 0 | P24: =J24/K24 -> 0.93333333
A25: 4001BLKORN | B25: Glasses, BLKORN W/ORN Tint Lens | C25: Black C | D25: Black | E25: 1645C | F25: Orange | H25: =SUMIF('Sunglasses BOM'!C23:C100,A25,'Sunglasses BOM'!E23:E100) -> 8400 | I25: {=SUMPRODUCT((MOD(COLUMN($R25:$FW25)-COLUMN($R25),2)=0)*($R25:$FW25))} -> 0 | J25: =H25-I25 -> 8400 | K25: ='Final Processes daily output'!$F$9 -> 27000 | L25: =VLOOKUP(C25,'Molding PP DPR'!$A$4:$D$12,4,FALSE) -> 0 | M25: =VLOOKUP(E25,'Molding PP DPR'!$A$18:$D$26,4,FALSE) -> 0 | N25: =MIN(ROUNDDOWN(L25/'Pre assembly BOM'!E23,0),ROUNDDOWN(M25/'Pre assembly BOM'!H23,0)) -> 0 | O25: =N25-I25 -> 0 | P25: =J25/K25 -> 0.31111111
A26: 3991NEONBLUBLK | B26: Sunglass Blue Frame/Black Arms | C26: 2174c | D26: Blue | E26: Black C | F26: Black | H26: =SUMIF('Sunglasses BOM'!C24:C101,A26,'Sunglasses BOM'!E24:E101) -> 8400 | I26: {=SUMPRODUCT((MOD(COLUMN($R26:$FW26)-COLUMN($R26),2)=0)*($R26:$FW26))} -> 0 | J26: =H26-I26 -> 8400 | K26: ='Final Processes daily output'!$F$9 -> 27000 | L26: =VLOOKUP(C26,'Molding PP DPR'!$A$4:$D$12,4,FALSE) -> 0 | M26: =VLOOKUP(E26,'Molding PP DPR'!$A$18:$D$26,4,FALSE) -> 0 | N26: =MIN(ROUNDDOWN(L26/'Pre assembly BOM'!E24,0),ROUNDDOWN(M26/'Pre assembly BOM'!H24,0)) -> 0 | O26: =N26-I26 -> 0 | P26: =J26/K26 -> 0.31111111
A27: 3991NEONORNBLK | B27: Sunglass Orange Frame/Black Arms | C27: 1645C | D27: Orange | E27: Black C | F27: Black | H27: =SUMIF('Sunglasses BOM'!C25:C102,A27,'Sunglasses BOM'!E25:E102) -> 8400 | I27: {=SUMPRODUCT((MOD(COLUMN($R27:$FW27)-COLUMN($R27),2)=0)*($R27:$FW27))} -> 0 | J27: =H27-I27 -> 8400 | K27: ='Final Processes daily output'!$F$9 -> 27000 | L27: =VLOOKUP(C27,'Molding PP DPR'!$A$4:$D$12,4,FALSE) -> 0 | M27: =VLOOKUP(E27,'Molding PP DPR'!$A$18:$D$26,4,FALSE) -> 0 | N27: =MIN(ROUNDDOWN(L27/'Pre assembly BOM'!E25,0),ROUNDDOWN(M27/'Pre assembly BOM'!H25,0)) -> 0 | O27: =N27-I27 -> 0 | P27: =J27/K27 -> 0.31111111

Sheet Lacquer DPR - ABS - Pramara
A1: Material | B1: ABS | L1: Day 1 | N1: Day 2 | P1: Day 3 | R1: Day 4 | T1: Day 5 | V1: Day 6 | X1: Day 7 | Z1: Day 8 | AB1: Day 9 | AD1: Day 10 | AF1: Day 11 | AH1: Day 12 | AJ1: Day 13 | AL1: Day 14 | AN1: Day 15 | AP1: Day 16 | AR1: Day 17 | AT1: Day 18 | AV1: Day 19 | AX1: Day 20 | AZ1: Day 21 | BB1: Day 22 | BD1: Day 23 | BF1: Day 24 | BH1: Day 25 | BJ1: Day 26 | BL1: Day 27 | BN1: Day 28 | BP1: Day 29 | BR1: Day 30 | BT1: Day 31 | BV1: Day 32 | BX1: Day 33 | BZ1: Day 34 | CB1: Day 35 | CD1: Day 36 | CF1: Day 37 | CH1: Day 38 | CJ1: Day 39 | CL1: Day 40 | CN1: Day 41 | CP1: Day 42 | CR1: Day 43 | CT1: Day 44 | CV1: Day 45 | CX1: Day 46 | CZ1: Day 47 | DB1: Day 48 | DD1: Day 49 | DF1: Day 50 | DH1: Day 51
L2: 45967 | N2: =WORKDAY.INTL(L2,1,"0000001") -> 45968 | P2: =WORKDAY.INTL(N2,1,"0000001") -> 45969 | R2: =WORKDAY.INTL(P2,1,"0000001") -> 45971 | T2: =WORKDAY.INTL(R2,1,"0000001") -> 45972 | V2: =WORKDAY.INTL(T2,1,"0000001") -> 45973 | X2: =WORKDAY.INTL(V2,1,"0000001") -> 45974 | Z2: =WORKDAY.INTL(X2,1,"0000001") -> 45975 | AB2: =WORKDAY.INTL(Z2,1,"0000001") -> 45976 | AD2: =WORKDAY.INTL(AB2,1,"0000001") -> 45978 | AF2: =WORKDAY.INTL(AD2,1,"0000001") -> 45979 | AH2: =WORKDAY.INTL(AF2,1,"0000001") -> 45980 | AJ2: =WORKDAY.INTL(AH2,1,"0000001") -> 45981 | AL2: =WORKDAY.INTL(AJ2,1,"0000001") -> 45982 | AN2: =WORKDAY.INTL(AL2,1,"0000001") -> 45983 | AP2: =WORKDAY.INTL(AN2,1,"0000001") -> 45985 | AR2: =WORKDAY.INTL(AP2,1,"0000001") -> 45986 | AT2: =WORKDAY.INTL(AR2,1,"0000001") -> 45987 | AV2: =WORKDAY.INTL(AT2,1,"0000001") -> 45988 | AX2: =WORKDAY.INTL(AV2,1,"0000001") -> 45989 | AZ2: =WORKDAY.INTL(AX2,1,"0000001") -> 45990 | BB2: =WORKDAY.INTL(AZ2,1,"0000001") -> 45992 | BD2: =WORKDAY.INTL(BB2,1,"0000001") -> 45993 | BF2: =WORKDAY.INTL(BD2,1,"0000001") -> 45994 | BH2: =WORKDAY.INTL(BF2,1,"0000001") -> 45995 | BJ2: =WORKDAY.INTL(BH2,1,"0000001") -> 45996 | BL2: =WORKDAY.INTL(BJ2,1,"0000001") -> 45997 | BN2: =WORKDAY.INTL(BL2,1,"0000001") -> 45999 | BP2: =WORKDAY.INTL(BN2,1,"0000001") -> 46000 | BR2: =WORKDAY.INTL(BP2,1,"0000001") -> 46001 | BT2: =WORKDAY.INTL(BR2,1,"0000001") -> 46002 | BV2: =WORKDAY.INTL(BT2,1,"0000001") -> 46003 | BX2: =WORKDAY.INTL(BV2,1,"0000001") -> 46004 | BZ2: =WORKDAY.INTL(BX2,1,"0000001") -> 46006 | CB2: =WORKDAY.INTL(BZ2,1,"0000001") -> 46007 | CD2: =WORKDAY.INTL(CB2,1,"0000001") -> 46008 | CF2: =WORKDAY.INTL(CD2,1,"0000001") -> 46009 | CH2: =WORKDAY.INTL(CF2,1,"0000001") -> 46010 | CJ2: =WORKDAY.INTL(CH2,1,"0000001") -> 46011 | CL2: =WORKDAY.INTL(CJ2,1,"0000001") -> 46013 | CN2: =WORKDAY.INTL(CL2,1,"0000001") -> 46014 | CP2: =WORKDAY.INTL(CN2,1,"0000001") -> 46015 | CR2: =WORKDAY.INTL(CP2,1,"0000001") -> 46016 | CT2: =WORKDAY.INTL(CR2,1,"0000001") -> 46017 | CV2: =WORKDAY.INTL(CT2,1,"0000001") -> 46018 | CX2: =WORKDAY.INTL(CV2,1,"0000001") -> 46020 | CZ2: =WORKDAY.INTL(CX2,1,"0000001") -> 46021 | DB2: =WORKDAY.INTL(CZ2,1,"0000001") -> 46022 | DD2: =WORKDAY.INTL(DB2,1,"0000001") -> 46023 | DF2: =WORKDAY.INTL(DD2,1,"0000001") -> 46024 | DH2: =WORKDAY.INTL(DF2,1,"0000001") -> 46025
A3: Part No. | B3: Description | C3: Frame Pantone | D3: Frame Color | E3: Order Qty | F3: Done Till Date | G3: Pending | H3: Daily Capacity | I3: Available | J3: Pending Assembly | K3: Days required to complete | L3: Planned | M3: Actual | N3: Planned | O3: Actual | P3: Planned | Q3: Actual | R3: Planned | S3: Actual | T3: Planned | U3: Actual | V3: Planned | W3: Actual | X3: Planned | Y3: Actual | Z3: Planned | AA3: Actual | AB3: Planned | AC3: Actual | AD3: Planned | AE3: Actual | AF3: Planned | AG3: Actual | AH3: Planned | AI3: Actual | AJ3: Planned | AK3: Actual | AL3: Planned | AM3: Actual | AN3: Planned | AO3: Actual | AP3: Planned | AQ3: Actual | AR3: Planned | AS3: Actual | AT3: Planned | AU3: Actual | AV3: Planned | AW3: Actual | AX3: Planned | AY3: Actual | AZ3: Planned | BA3: Actual | BB3: Planned | BC3: Actual | BD3: Planned | BE3: Actual | BF3: Planned | BG3: Actual | BH3: Planned | BI3: Actual | BJ3: Planned | BK3: Actual | BL3: Planned | BM3: Actual | BN3: Planned | BO3: Actual | BP3: Planned | BQ3: Actual | BR3: Planned | BS3: Actual | BT3: Planned | BU3: Actual | BV3: Planned | BW3: Actual | BX3: Planned | BY3: Actual | BZ3: Planned | CA3: Actual | CB3: Planned | CC3: Actual | CD3: Planned | CE3: Actual | CF3: Planned | CG3: Actual | CH3: Planned | CI3: Actual | CJ3: Planned | CK3: Actual | CL3: Planned | CM3: Actual | CN3: Planned | CO3: Actual | CP3: Planned | CQ3: Actual | CR3: Planned | CS3: Actual | CT3: Planned | CU3: Actual | CV3: Planned | CW3: Actual | CX3: Planned | CY3: Actual | CZ3: Planned | DA3: Actual | DB3: Planned | DC3: Actual | DD3: Planned | DE3: Actual | DF3: Planned | DG3: Actual | DH3: Planned | DI3: Actual
A4: 6223 BLK | B4: Sunglass, 6223 Black | C4: Black 6C | D4: Black | E4: =SUMIF('Sunglasses BOM'!$D$1:$D$79,B4,'Sunglasses BOM'!$E$1:$E$79) -> 218400 | F4: {=SUMPRODUCT((MOD(COLUMN($M4:$FR4)-COLUMN($M4),2)=0)*($M4:$FR4))} -> 0 | G4: =E4-F4 -> 218400 | H4: ='Final Processes daily output'!$F$12 -> 27000 | I4: =_xlfn.XLOOKUP(A4,'Screwing Pramara- DPR - ABS'!$A$4:$A$26,'Screwing Pramara- DPR - ABS'!$F$4:$F$26) -> 0 | J4: =I4-F4 -> 0 | K4: =G4/H4 -> 8.0888889
A5: 6223 NAV | B5: Sunglass, 6223 Navy | C5: 648C | D5: Navy | E5: =SUMIF('Sunglasses BOM'!$D$1:$D$79,B5,'Sunglasses BOM'!$E$1:$E$79) -> 100800 | F5: {=SUMPRODUCT((MOD(COLUMN($M5:$FR5)-COLUMN($M5),2)=0)*($M5:$FR5))} -> 0 | G5: =E5-F5 -> 100800 | H5: ='Final Processes daily output'!$F$12 -> 27000 | I5: =_xlfn.XLOOKUP(A5,'Screwing Pramara- DPR - ABS'!$A$4:$A$26,'Screwing Pramara- DPR - ABS'!$F$4:$F$26) -> 0 | J5: =I5-F5 -> 0 | K5: =G5/H5 -> 3.7333333
A6: 6223 RED | B6: Sunglass, 6223 Red | C6: 1807C | D6: Red | E6: =SUMIF('Sunglasses BOM'!$D$1:$D$79,B6,'Sunglasses BOM'!$E$1:$E$79) -> 151200 | F6: {=SUMPRODUCT((MOD(COLUMN($M6:$FR6)-COLUMN($M6),2)=0)*($M6:$FR6))} -> 0 | G6: =E6-F6 -> 151200 | H6: ='Final Processes daily output'!$F$12 -> 27000 | I6: =_xlfn.XLOOKUP(A6,'Screwing Pramara- DPR - ABS'!$A$4:$A$26,'Screwing Pramara- DPR - ABS'!$F$4:$F$26) -> 0 | J6: =I6-F6 -> 0 | K6: =G6/H6 -> 5.6
A7: 6223 ROY | B7: Sunglass, 6223 Royal | C7: 2746C | D7: Royal | E7: =SUMIF('Sunglasses BOM'!$D$1:$D$79,B7,'Sunglasses BOM'!$E$1:$E$79) -> 100800 | F7: {=SUMPRODUCT((MOD(COLUMN($M7:$FR7)-COLUMN($M7),2)=0)*($M7:$FR7))} -> 0 | G7: =E7-F7 -> 100800 | H7: ='Final Processes daily output'!$F$12 -> 27000 | I7: =_xlfn.XLOOKUP(A7,'Screwing Pramara- DPR - ABS'!$A$4:$A$26,'Screwing Pramara- DPR - ABS'!$F$4:$F$26) -> 0 | J7: =I7-F7 -> 0 | K7: =G7/H7 -> 3.7333333
A8: 6223 WHT | B8: Sunglass, 6223 White | C8: WHITE | D8: White | E8: =SUMIF('Sunglasses BOM'!$D$1:$D$79,B8,'Sunglasses BOM'!$E$1:$E$79) -> 134400 | F8: {=SUMPRODUCT((MOD(COLUMN($M8:$FR8)-COLUMN($M8),2)=0)*($M8:$FR8))} -> 0 | G8: =E8-F8 -> 134400 | H8: ='Final Processes daily output'!$F$12 -> 27000 | I8: =_xlfn.XLOOKUP(A8,'Screwing Pramara- DPR - ABS'!$A$4:$A$26,'Screwing Pramara- DPR - ABS'!$F$4:$F$26) -> 0 | J8: =I8-F8 -> 0 | K8: =G8/H8 -> 4.9777778
A9: 6224 BLUBLK | B9: Sunglass, 6224 2tone BlueBlack | C9: 2187C | D9: Blue | E9: =SUMIF('Sunglasses BOM'!$D$1:$D$79,B9,'Sunglasses BOM'!$E$1:$E$79) -> 33600 | F9: {=SUMPRODUCT((MOD(COLUMN($M9:$FR9)-COLUMN($M9),2)=0)*($M9:$FR9))} -> 0 | G9: =E9-F9 -> 33600 | H9: ='Final Processes daily output'!$F$12 -> 27000 | I9: =_xlfn.XLOOKUP(A9,'Screwing Pramara- DPR - ABS'!$A$4:$A$26,'Screwing Pramara- DPR - ABS'!$F$4:$F$26) -> 0 | J9: =I9-F9 -> 0 | K9: =G9/H9 -> 1.2444444
A10: 6224 BLUWHT | B10: Sunglass, 6224 2tone Bluewhite | C10: 2187C | D10: Blue | E10: =SUMIF('Sunglasses BOM'!$D$1:$D$79,B10,'Sunglasses BOM'!$E$1:$E$79) -> 16800 | F10: {=SUMPRODUCT((MOD(COLUMN($M10:$FR10)-COLUMN($M10),2)=0)*($M10:$FR10))} -> 0 | G10: =E10-F10 -> 16800 | H10: ='Final Processes daily output'!$F$12 -> 27000 | I10: =_xlfn.XLOOKUP(A10,'Screwing Pramara- DPR - ABS'!$A$4:$A$26,'Screwing Pramara- DPR - ABS'!$F$4:$F$26) -> 0 | J10: =I10-F10 -> 0 | K10: =G10/H10 -> 0.62222222
A11: 6224 REDBLK | B11: Sunglass, 6224 2tone redblack | C11: 201C | D11: Red | E11: =SUMIF('Sunglasses BOM'!$D$1:$D$79,B11,'Sunglasses BOM'!$E$1:$E$79) -> 25200 | F11: {=SUMPRODUCT((MOD(COLUMN($M11:$FR11)-COLUMN($M11),2)=0)*($M11:$FR11))} -> 0 | G11: =E11-F11 -> 25200 | H11: ='Final Processes daily output'!$F$12 -> 27000 | I11: =_xlfn.XLOOKUP(A11,'Screwing Pramara- DPR - ABS'!$A$4:$A$26,'Screwing Pramara- DPR - ABS'!$F$4:$F$26) -> 0 | J11: =I11-F11 -> 0 | K11: =G11/H11 -> 0.93333333
A12: 6224 REDWHT | B12: Sunglass, 6224 2tone redwhite | C12: 201C | D12: Red | E12: =SUMIF('Sunglasses BOM'!$D$1:$D$79,B12,'Sunglasses BOM'!$E$1:$E$79) -> 8400 | F12: {=SUMPRODUCT((MOD(COLUMN($M12:$FR12)-COLUMN($M12),2)=0)*($M12:$FR12))} -> 0 | G12: =E12-F12 -> 8400 | H12: ='Final Processes daily output'!$F$12 -> 27000 | I12: =_xlfn.XLOOKUP(A12,'Screwing Pramara- DPR - ABS'!$A$4:$A$26,'Screwing Pramara- DPR - ABS'!$F$4:$F$26) -> 0 | J12: =I12-F12 -> 0 | K12: =G12/H12 -> 0.31111111
A13: 6207CLRBLU | B13: Sunglass, Clear W/Blue Lenses | C13: Clear | D13: Clear | E13: =SUMIF('Sunglasses BOM'!$D$1:$D$79,B13,'Sunglasses BOM'!$E$1:$E$79) -> 42000 | F13: {=SUMPRODUCT((MOD(COLUMN($M13:$FR13)-COLUMN($M13),2)=0)*($M13:$FR13))} -> 0 | G13: =E13-F13 -> 42000 | H13: ='Final Processes daily output'!$F$12 -> 27000 | I13: =_xlfn.XLOOKUP(A13,'Screwing Pramara- DPR - ABS'!$A$4:$A$26,'Screwing Pramara- DPR - ABS'!$F$4:$F$26) -> 0 | J13: =I13-F13 -> 0 | K13: =G13/H13 -> 1.5555556
A14: 6207CLRGRN | B14: Sunglass, Clear W/Green Lenses | C14: Clear | D14: Clear | E14: =SUMIF('Sunglasses BOM'!$D$1:$D$79,B14,'Sunglasses BOM'!$E$1:$E$79) -> 25200 | F14: {=SUMPRODUCT((MOD(COLUMN($M14:$FR14)-COLUMN($M14),2)=0)*($M14:$FR14))} -> 0 | G14: =E14-F14 -> 25200 | H14: ='Final Processes daily output'!$F$12 -> 27000 | I14: =_xlfn.XLOOKUP(A14,'Screwing Pramara- DPR - ABS'!$A$4:$A$26,'Screwing Pramara- DPR - ABS'!$F$4:$F$26) -> 0 | J14: =I14-F14 -> 0 | K14: =G14/H14 -> 0.93333333
A15: 6207CLRRED | B15: Sunglass, Clear W/Red Lenses | C15: Clear | D15: Clear | E15: =SUMIF('Sunglasses BOM'!$D$1:$D$79,B15,'Sunglasses BOM'!$E$1:$E$79) -> 16800 | F15: {=SUMPRODUCT((MOD(COLUMN($M15:$FR15)-COLUMN($M15),2)=0)*($M15:$FR15))} -> 0 | G15: =E15-F15 -> 16800 | H15: ='Final Processes daily output'!$F$12 -> 27000 | I15: =_xlfn.XLOOKUP(A15,'Screwing Pramara- DPR - ABS'!$A$4:$A$26,'Screwing Pramara- DPR - ABS'!$F$4:$F$26) -> 0 | J15: =I15-F15 -> 0 | K15: =G15/H15 -> 0.62222222
... A26: 6223PUR | B26: Sunglass, 6223, Purple | C26: 2077C | D26: Purple | E26: =SUMIF('Sunglasses BOM'!$D$1:$D$79,B26,'Sunglasses BOM'!$E$1:$E$79) -> 16800 | F26: {=SUMPRODUCT((MOD(COLUMN($M26:$FR26)-COLUMN($M26),2)=0)*($M26:$FR26))} -> 0 | G26: =E26-F26 -> 16800 | H26: ='Final Processes daily output'!$F$12 -> 27000 | I26: =_xlfn.XLOOKUP(A26,'Screwing Pramara- DPR - ABS'!$A$4:$A$26,'Screwing Pramara- DPR - ABS'!$F$4:$F$26) -> 0 | J26: =I26-F26 -> 0 | K26: =G26/H26 -> 0.62222222

Sheet Riveting DPR - ABS - Pramara
A1: Material | B1: ABS | L1: Day 1 | N1: Day 2 | P1: Day 3 | R1: Day 4 | T1: Day 5 | V1: Day 6 | X1: Day 7 | Z1: Day 8 | AB1: Day 9 | AD1: Day 10 | AF1: Day 11 | AH1: Day 12 | AJ1: Day 13 | AL1: Day 14 | AN1: Day 15 | AP1: Day 16 | AR1: Day 17 | AT1: Day 18 | AV1: Day 19 | AX1: Day 20 | AZ1: Day 21 | BB1: Day 22 | BD1: Day 23 | BF1: Day 24 | BH1: Day 25 | BJ1: Day 26 | BL1: Day 27 | BN1: Day 28 | BP1: Day 29 | BR1: Day 30 | BT1: Day 31 | BV1: Day 32 | BX1: Day 33 | BZ1: Day 34 | CB1: Day 35 | CD1: Day 36 | CF1: Day 37 | CH1: Day 38 | CJ1: Day 39 | CL1: Day 40 | CN1: Day 41 | CP1: Day 42 | CR1: Day 43 | CT1: Day 44 | CV1: Day 45 | CX1: Day 46 | CZ1: Day 47 | DB1: Day 48 | DD1: Day 49 | DF1: Day 50 | DH1: Day 51
L2: 45967 | N2: =WORKDAY.INTL(L2,1,"0000001") -> 45968 | P2: =WORKDAY.INTL(N2,1,"0000001") -> 45969 | R2: =WORKDAY.INTL(P2,1,"0000001") -> 45971 | T2: =WORKDAY.INTL(R2,1,"0000001") -> 45972 | V2: =WORKDAY.INTL(T2,1,"0000001") -> 45973 | X2: =WORKDAY.INTL(V2,1,"0000001") -> 45974 | Z2: =WORKDAY.INTL(X2,1,"0000001") -> 45975 | AB2: =WORKDAY.INTL(Z2,1,"0000001") -> 45976 | AD2: =WORKDAY.INTL(AB2,1,"0000001") -> 45978 | AF2: =WORKDAY.INTL(AD2,1,"0000001") -> 45979 | AH2: =WORKDAY.INTL(AF2,1,"0000001") -> 45980 | AJ2: =WORKDAY.INTL(AH2,1,"0000001") -> 45981 | AL2: =WORKDAY.INTL(AJ2,1,"0000001") -> 45982 | AN2: =WORKDAY.INTL(AL2,1,"0000001") -> 45983 | AP2: =WORKDAY.INTL(AN2,1,"0000001") -> 45985 | AR2: =WORKDAY.INTL(AP2,1,"0000001") -> 45986 | AT2: =WORKDAY.INTL(AR2,1,"0000001") -> 45987 | AV2: =WORKDAY.INTL(AT2,1,"0000001") -> 45988 | AX2: =WORKDAY.INTL(AV2,1,"0000001") -> 45989 | AZ2: =WORKDAY.INTL(AX2,1,"0000001") -> 45990 | BB2: =WORKDAY.INTL(AZ2,1,"0000001") -> 45992 | BD2: =WORKDAY.INTL(BB2,1,"0000001") -> 45993 | BF2: =WORKDAY.INTL(BD2,1,"0000001") -> 45994 | BH2: =WORKDAY.INTL(BF2,1,"0000001") -> 45995 | BJ2: =WORKDAY.INTL(BH2,1,"0000001") -> 45996 | BL2: =WORKDAY.INTL(BJ2,1,"0000001") -> 45997 | BN2: =WORKDAY.INTL(BL2,1,"0000001") -> 45999 | BP2: =WORKDAY.INTL(BN2,1,"0000001") -> 46000 | BR2: =WORKDAY.INTL(BP2,1,"0000001") -> 46001 | BT2: =WORKDAY.INTL(BR2,1,"0000001") -> 46002 | BV2: =WORKDAY.INTL(BT2,1,"0000001") -> 46003 | BX2: =WORKDAY.INTL(BV2,1,"0000001") -> 46004 | BZ2: =WORKDAY.INTL(BX2,1,"0000001") -> 46006 | CB2: =WORKDAY.INTL(BZ2,1,"0000001") -> 46007 | CD2: =WORKDAY.INTL(CB2,1,"0000001") -> 46008 | CF2: =WORKDAY.INTL(CD2,1,"0000001") -> 46009 | CH2: =WORKDAY.INTL(CF2,1,"0000001") -> 46010 | CJ2: =WORKDAY.INTL(CH2,1,"0000001") -> 46011 | CL2: =WORKDAY.INTL(CJ2,1,"0000001") -> 46013 | CN2: =WORKDAY.INTL(CL2,1,"0000001") -> 46014 | CP2: =WORKDAY.INTL(CN2,1,"0000001") -> 46015 | CR2: =WORKDAY.INTL(CP2,1,"0000001") -> 46016 | CT2: =WORKDAY.INTL(CR2,1,"0000001") -> 46017 | CV2: =WORKDAY.INTL(CT2,1,"0000001") -> 46018 | CX2: =WORKDAY.INTL(CV2,1,"0000001") -> 46020 | CZ2: =WORKDAY.INTL(CX2,1,"0000001") -> 46021 | DB2: =WORKDAY.INTL(CZ2,1,"0000001") -> 46022 | DD2: =WORKDAY.INTL(DB2,1,"0000001") -> 46023 | DF2: =WORKDAY.INTL(DD2,1,"0000001") -> 46024 | DH2: =WORKDAY.INTL(DF2,1,"0000001") -> 46025
A3: Part No. | B3: Description | C3: Frame Pantone | D3: Frame Color | E3: Order Qty | F3: Done Till Date | G3: Pending | H3: Daily Capacity | I3: Available Frames | J3: Pending Assembly | K3: Days required to complete | L3: Planned | M3: Actual | N3: Planned | O3: Actual | P3: Planned | Q3: Actual | R3: Planned | S3: Actual | T3: Planned | U3: Actual | V3: Planned | W3: Actual | X3: Planned | Y3: Actual | Z3: Planned | AA3: Actual | AB3: Planned | AC3: Actual | AD3: Planned | AE3: Actual | AF3: Planned | AG3: Actual | AH3: Planned | AI3: Actual | AJ3: Planned | AK3: Actual | AL3: Planned | AM3: Actual | AN3: Planned | AO3: Actual | AP3: Planned | AQ3: Actual | AR3: Planned | AS3: Actual | AT3: Planned | AU3: Actual | AV3: Planned | AW3: Actual | AX3: Planned | AY3: Actual | AZ3: Planned | BA3: Actual | BB3: Planned | BC3: Actual | BD3: Planned | BE3: Actual | BF3: Planned | BG3: Actual | BH3: Planned | BI3: Actual | BJ3: Planned | BK3: Actual | BL3: Planned | BM3: Actual | BN3: Planned | BO3: Actual | BP3: Planned | BQ3: Actual | BR3: Planned | BS3: Actual | BT3: Planned | BU3: Actual | BV3: Planned | BW3: Actual | BX3: Planned | BY3: Actual | BZ3: Planned | CA3: Actual | CB3: Planned | CC3: Actual | CD3: Planned | CE3: Actual | CF3: Planned | CG3: Actual | CH3: Planned | CI3: Actual | CJ3: Planned | CK3: Actual | CL3: Planned | CM3: Actual | CN3: Planned | CO3: Actual | CP3: Planned | CQ3: Actual | CR3: Planned | CS3: Actual | CT3: Planned | CU3: Actual | CV3: Planned | CW3: Actual | CX3: Planned | CY3: Actual | CZ3: Planned | DA3: Actual | DB3: Planned | DC3: Actual | DD3: Planned | DE3: Actual | DF3: Planned | DG3: Actual | DH3: Planned | DI3: Actual
A4: 6223 BLK | B4: Sunglass, 6223 Black | C4: Black 6C | D4: Black | E4: =SUMIF('Sunglasses BOM'!$D$1:$D$79,B4,'Sunglasses BOM'!$E$1:$E$79) -> 218400 | F4: {=SUMPRODUCT((MOD(COLUMN($M4:$FR4)-COLUMN($M4),2)=0)*($M4:$FR4))} -> 0 | G4: =E4-F4 -> 218400 | H4: ='Final Processes daily output'!$F$15 -> 41142.857 | I4: =_xlfn.XLOOKUP(A4,'Lacquer DPR - ABS - Pramara'!$A$4:$A$26,'Lacquer DPR - ABS - Pramara'!$F$4:$F$26) -> 0 | J4: =I4-F4 -> 0 | K4: =G4/H4 -> 5.3083333
A5: 6223 NAV | B5: Sunglass, 6223 Navy | C5: 648C | D5: Navy | E5: =SUMIF('Sunglasses BOM'!$D$1:$D$79,B5,'Sunglasses BOM'!$E$1:$E$79) -> 100800 | F5: {=SUMPRODUCT((MOD(COLUMN($M5:$FR5)-COLUMN($M5),2)=0)*($M5:$FR5))} -> 0 | G5: =E5-F5 -> 100800 | H5: ='Final Processes daily output'!$F$15 -> 41142.857 | I5: =_xlfn.XLOOKUP(A5,'Lacquer DPR - ABS - Pramara'!$A$4:$A$26,'Lacquer DPR - ABS - Pramara'!$F$4:$F$26) -> 0 | J5: =I5-F5 -> 0 | K5: =G5/H5 -> 2.45
A6: 6223 RED | B6: Sunglass, 6223 Red | C6: 1807C | D6: Red | E6: =SUMIF('Sunglasses BOM'!$D$1:$D$79,B6,'Sunglasses BOM'!$E$1:$E$79) -> 151200 | F6: {=SUMPRODUCT((MOD(COLUMN($M6:$FR6)-COLUMN($M6),2)=0)*($M6:$FR6))} -> 0 | G6: =E6-F6 -> 151200 | H6: ='Final Processes daily output'!$F$15 -> 41142.857 | I6: =_xlfn.XLOOKUP(A6,'Lacquer DPR - ABS - Pramara'!$A$4:$A$26,'Lacquer DPR - ABS - Pramara'!$F$4:$F$26) -> 0 | J6: =I6-F6 -> 0 | K6: =G6/H6 -> 3.675
A7: 6223 ROY | B7: Sunglass, 6223 Royal | C7: 2746C | D7: Royal | E7: =SUMIF('Sunglasses BOM'!$D$1:$D$79,B7,'Sunglasses BOM'!$E$1:$E$79) -> 100800 | F7: {=SUMPRODUCT((MOD(COLUMN($M7:$FR7)-COLUMN($M7),2)=0)*($M7:$FR7))} -> 0 | G7: =E7-F7 -> 100800 | H7: ='Final Processes daily output'!$F$15 -> 41142.857 | I7: =_xlfn.XLOOKUP(A7,'Lacquer DPR - ABS - Pramara'!$A$4:$A$26,'Lacquer DPR - ABS - Pramara'!$F$4:$F$26) -> 0 | J7: =I7-F7 -> 0 | K7: =G7/H7 -> 2.45
A8: 6223 WHT | B8: Sunglass, 6223 White | C8: WHITE | D8: White | E8: =SUMIF('Sunglasses BOM'!$D$1:$D$79,B8,'Sunglasses BOM'!$E$1:$E$79) -> 134400 | F8: {=SUMPRODUCT((MOD(COLUMN($M8:$FR8)-COLUMN($M8),2)=0)*($M8:$FR8))} -> 0 | G8: =E8-F8 -> 134400 | H8: ='Final Processes daily output'!$F$15 -> 41142.857 | I8: =_xlfn.XLOOKUP(A8,'Lacquer DPR - ABS - Pramara'!$A$4:$A$26,'Lacquer DPR - ABS - Pramara'!$F$4:$F$26) -> 0 | J8: =I8-F8 -> 0 | K8: =G8/H8 -> 3.2666667
A9: 6224 BLUBLK | B9: Sunglass, 6224 2tone BlueBlack | C9: 2187C | D9: Blue | E9: =SUMIF('Sunglasses BOM'!$D$1:$D$79,B9,'Sunglasses BOM'!$E$1:$E$79) -> 33600 | F9: {=SUMPRODUCT((MOD(COLUMN($M9:$FR9)-COLUMN($M9),2)=0)*($M9:$FR9))} -> 0 | G9: =E9-F9 -> 33600 | H9: ='Final Processes daily output'!$F$15 -> 41142.857 | I9: =_xlfn.XLOOKUP(A9,'Lacquer DPR - ABS - Pramara'!$A$4:$A$26,'Lacquer DPR - ABS - Pramara'!$F$4:$F$26) -> 0 | J9: =I9-F9 -> 0 | K9: =G9/H9 -> 0.81666667
A10: 6224 BLUWHT | B10: Sunglass, 6224 2tone Bluewhite | C10: 2187C | D10: Blue | E10: =SUMIF('Sunglasses BOM'!$D$1:$D$79,B10,'Sunglasses BOM'!$E$1:$E$79) -> 16800 | F10: {=SUMPRODUCT((MOD(COLUMN($M10:$FR10)-COLUMN($M10),2)=0)*($M10:$FR10))} -> 0 | G10: =E10-F10 -> 16800 | H10: ='Final Processes daily output'!$F$15 -> 41142.857 | I10: =_xlfn.XLOOKUP(A10,'Lacquer DPR - ABS - Pramara'!$A$4:$A$26,'Lacquer DPR - ABS - Pramara'!$F$4:$F$26) -> 0 | J10: =I10-F10 -> 0 | K10: =G10/H10 -> 0.40833333
A11: 6224 REDBLK | B11: Sunglass, 6224 2tone redblack | C11: 201C | D11: Red | E11: =SUMIF('Sunglasses BOM'!$D$1:$D$79,B11,'Sunglasses BOM'!$E$1:$E$79) -> 25200 | F11: {=SUMPRODUCT((MOD(COLUMN($M11:$FR11)-COLUMN($M11),2)=0)*($M11:$FR11))} -> 0 | G11: =E11-F11 -> 25200 | H11: ='Final Processes daily output'!$F$15 -> 41142.857 | I11: =_xlfn.XLOOKUP(A11,'Lacquer DPR - ABS - Pramara'!$A$4:$A$26,'Lacquer DPR - ABS - Pramara'!$F$4:$F$26) -> 0 | J11: =I11-F11 -> 0 | K11: =G11/H11 -> 0.6125
A12: 6224 REDWHT | B12: Sunglass, 6224 2tone redwhite | C12: 201C | D12: Red | E12: =SUMIF('Sunglasses BOM'!$D$1:$D$79,B12,'Sunglasses BOM'!$E$1:$E$79) -> 8400 | F12: {=SUMPRODUCT((MOD(COLUMN($M12:$FR12)-COLUMN($M12),2)=0)*($M12:$FR12))} -> 0 | G12: =E12-F12 -> 8400 | H12: ='Final Processes daily output'!$F$15 -> 41142.857 | I12: =_xlfn.XLOOKUP(A12,'Lacquer DPR - ABS - Pramara'!$A$4:$A$26,'Lacquer DPR - ABS - Pramara'!$F$4:$F$26) -> 0 | J12: =I12-F12 -> 0 | K12: =G12/H12 -> 0.20416667
A13: 6207CLRBLU | B13: Sunglass, Clear W/Blue Lenses | C13: Clear | D13: Clear | E13: =SUMIF('Sunglasses BOM'!$D$1:$D$79,B13,'Sunglasses BOM'!$E$1:$E$79) -> 42000 | F13: {=SUMPRODUCT((MOD(COLUMN($M13:$FR13)-COLUMN($M13),2)=0)*($M13:$FR13))} -> 0 | G13: =E13-F13 -> 42000 | H13: ='Final Processes daily output'!$F$15 -> 41142.857 | I13: =_xlfn.XLOOKUP(A13,'Lacquer DPR - ABS - Pramara'!$A$4:$A$26,'Lacquer DPR - ABS - Pramara'!$F$4:$F$26) -> 0 | J13: =I13-F13 -> 0 | K13: =G13/H13 -> 1.0208333
A14: 6207CLRGRN | B14: Sunglass, Clear W/Green Lenses | C14: Clear | D14: Clear | E14: =SUMIF('Sunglasses BOM'!$D$1:$D$79,B14,'Sunglasses BOM'!$E$1:$E$79) -> 25200 | F14: {=SUMPRODUCT((MOD(COLUMN($M14:$FR14)-COLUMN($M14),2)=0)*($M14:$FR14))} -> 0 | G14: =E14-F14 -> 25200 | H14: ='Final Processes daily output'!$F$15 -> 41142.857 | I14: =_xlfn.XLOOKUP(A14,'Lacquer DPR - ABS - Pramara'!$A$4:$A$26,'Lacquer DPR - ABS - Pramara'!$F$4:$F$26) -> 0 | J14: =I14-F14 -> 0 | K14: =G14/H14 -> 0.6125
A15: 6207CLRRED | B15: Sunglass, Clear W/Red Lenses | C15: Clear | D15: Clear | E15: =SUMIF('Sunglasses BOM'!$D$1:$D$79,B15,'Sunglasses BOM'!$E$1:$E$79) -> 16800 | F15: {=SUMPRODUCT((MOD(COLUMN($M15:$FR15)-COLUMN($M15),2)=0)*($M15:$FR15))} -> 0 | G15: =E15-F15 -> 16800 | H15: ='Final Processes daily output'!$F$15 -> 41142.857 | I15: =_xlfn.XLOOKUP(A15,'Lacquer DPR - ABS - Pramara'!$A$4:$A$26,'Lacquer DPR - ABS - Pramara'!$F$4:$F$26) -> 0 | J15: =I15-F15 -> 0 | K15: =G15/H15 -> 0.40833333
... A17: 6207CLRYEL | B17: Sunglass, Clear W/Yellow Lenses | C17: Clear | D17: Clear | E17: =SUMIF('Sunglasses BOM'!$D$1:$D$79,B17,'Sunglasses BOM'!$E$1:$E$79) -> 16800 | F17: {=SUMPRODUCT((MOD(COLUMN($M17:$FR17)-COLUMN($M17),2)=0)*($M17:$FR17))} -> 0 | G17: =E17-F17 -> 16800 | H17: ='Final Processes daily output'!$F$15 -> 41142.857 | I17: =_xlfn.XLOOKUP(A17,'Lacquer DPR - ABS - Pramara'!$A$4:$A$26,'Lacquer DPR - ABS - Pramara'!$F$4:$F$26) -> 0 | J17: =I17-F17 -> 0 | K17: =G17/H17 -> 0.40833333
A18: 6224 LIMBLK | B18: Sunglass, 6224 2tone limeblack | C18: 368C | D18: Lime | E18: =SUMIF('Sunglasses BOM'!$D$1:$D$79,B18,'Sunglasses BOM'!$E$1:$E$79) -> 25200 | F18: {=SUMPRODUCT((MOD(COLUMN($M18:$FR18)-COLUMN($M18),2)=0)*($M18:$FR18))} -> 0 | G18: =E18-F18 -> 25200 | H18: 5000 | I18: =_xlfn.XLOOKUP(A18,'Lacquer DPR - ABS - Pramara'!$A$4:$A$26,'Lacquer DPR - ABS - Pramara'!$F$4:$F$26) -> 0 | J18: =I18-F18 -> 0 | K18: =G18/H18 -> 5.04
A19: 6224 ORNBLK | B19: Sunglass, 6224 2tone orangeblack | C19: 1655C | D19: Orange | E19: =SUMIF('Sunglasses BOM'!$D$1:$D$79,B19,'Sunglasses BOM'!$E$1:$E$79) -> 16800 | F19: {=SUMPRODUCT((MOD(COLUMN($M19:$FR19)-COLUMN($M19),2)=0)*($M19:$FR19))} -> 0 | G19: =E19-F19 -> 16800 | H19: 5000 | I19: =_xlfn.XLOOKUP(A19,'Lacquer DPR - ABS - Pramara'!$A$4:$A$26,'Lacquer DPR - ABS - Pramara'!$F$4:$F$26) -> 0 | J19: =I19-F19 -> 0 | K19: =G19/H19 -> 3.36
A20: 6224 ORNWHT | B20: Sunglass, 6224 2tone orangewhite | C20: 1655C | D20: Orange | E20: =SUMIF('Sunglasses BOM'!$D$1:$D$79,B20,'Sunglasses BOM'!$E$1:$E$79) -> 8400 | F20: {=SUMPRODUCT((MOD(COLUMN($M20:$FR20)-COLUMN($M20),2)=0)*($M20:$FR20))} -> 0 | G20: =E20-F20 -> 8400 | H20: 5000 | I20: =_xlfn.XLOOKUP(A20,'Lacquer DPR - ABS - Pramara'!$A$4:$A$26,'Lacquer DPR - ABS - Pramara'!$F$4:$F$26) -> 0 | J20: =I20-F20 -> 0 | K20: =G20/H20 -> 1.68
A21: 6224 YELBLK | B21: Sunglass, 6224 2tone yellowblack | C21: 107C | D21: Yellow | E21: =SUMIF('Sunglasses BOM'!$D$1:$D$79,B21,'Sunglasses BOM'!$E$1:$E$79) -> 8400 | F21: {=SUMPRODUCT((MOD(COLUMN($M21:$FR21)-COLUMN($M21),2)=0)*($M21:$FR21))} -> 0 | G21: =E21-F21 -> 8400 | H21: 5000 | I21: =_xlfn.XLOOKUP(A21,'Lacquer DPR - ABS - Pramara'!$A$4:$A$26,'Lacquer DPR - ABS - Pramara'!$F$4:$F$26) -> 0 | J21: =I21-F21 -> 0 | K21: =G21/H21 -> 1.68
A22: 6223BRTYEL | B22: Sunglass, 6223, Bright Yellow | C22: 7405C | D22: Bright Yellow | E22: =SUMIF('Sunglasses BOM'!$D$1:$D$79,B22,'Sunglasses BOM'!$E$1:$E$79) -> 16800 | F22: {=SUMPRODUCT((MOD(COLUMN($M22:$FR22)-COLUMN($M22),2)=0)*($M22:$FR22))} -> 0 | G22: =E22-F22 -> 16800 | H22: 5000 | I22: =_xlfn.XLOOKUP(A22,'Lacquer DPR - ABS - Pramara'!$A$4:$A$26,'Lacquer DPR - ABS - Pramara'!$F$4:$F$26) -> 0 | J22: =I22-F22 -> 0 | K22: =G22/H22 -> 3.36
A23: 6223CBL | B23: Sunglass, 6223, Light Blue | C23: 14-4318 TCX | D23: Light Blue | E23: =SUMIF('Sunglasses BOM'!$D$1:$D$79,B23,'Sunglasses BOM'!$E$1:$E$79) -> 25200 | F23: {=SUMPRODUCT((MOD(COLUMN($M23:$FR23)-COLUMN($M23),2)=0)*($M23:$FR23))} -> 0 | G23: =E23-F23 -> 25200 | H23: 5000 | I23: =_xlfn.XLOOKUP(A23,'Lacquer DPR - ABS - Pramara'!$A$4:$A$26,'Lacquer DPR - ABS - Pramara'!$F$4:$F$26) -> 0 | J23: =I23-F23 -> 0 | K23: =G23/H23 -> 5.04
A24: 6223GRA | B24: Sunglass, 6223, Gray | C24: Cool Gray 8C | D24: Gray | E24: =SUMIF('Sunglasses BOM'!$D$1:$D$79,B24,'Sunglasses BOM'!$E$1:$E$79) -> 16800 | F24: {=SUMPRODUCT((MOD(COLUMN($M24:$FR24)-COLUMN($M24),2)=0)*($M24:$FR24))} -> 0 | G24: =E24-F24 -> 16800 | H24: 5000 | I24: =_xlfn.XLOOKUP(A24,'Lacquer DPR - ABS - Pramara'!$A$4:$A$26,'Lacquer DPR - ABS - Pramara'!$F$4:$F$26) -> 0 | J24: =I24-F24 -> 0 | K24: =G24/H24 -> 3.36
A25: 6223GRK | B25: Sunglass, 6223, Kelly Green | C25: 342C | D25: Kelly Green | E25: =SUMIF('Sunglasses BOM'!$D$1:$D$79,B25,'Sunglasses BOM'!$E$1:$E$79) -> 16800 | F25: {=SUMPRODUCT((MOD(COLUMN($M25:$FR25)-COLUMN($M25),2)=0)*($M25:$FR25))} -> 0 | G25: =E25-F25 -> 16800 | H25: 5000 | I25: =_xlfn.XLOOKUP(A25,'Lacquer DPR - ABS - Pramara'!$A$4:$A$26,'Lacquer DPR - ABS - Pramara'!$F$4:$F$26) -> 0 | J25: =I25-F25 -> 0 | K25: =G25/H25 -> 3.36
A26: 6223PUR | B26: Sunglass, 6223, Purple | C26: 2077C | D26: Purple | E26: =SUMIF('Sunglasses BOM'!$D$1:$D$79,B26,'Sunglasses BOM'!$E$1:$E$79) -> 16800 | F26: {=SUMPRODUCT((MOD(COLUMN($M26:$FR26)-COLUMN($M26),2)=0)*($M26:$FR26))} -> 0 | G26: =E26-F26 -> 16800 | H26: 5000 | I26: =_xlfn.XLOOKUP(A26,'Lacquer DPR - ABS - Pramara'!$A$4:$A$26,'Lacquer DPR - ABS - Pramara'!$F$4:$F$26) -> 0 | J26: =I26-F26 -> 0 | K26: =G26/H26 -> 3.36

Sheet Pad Printing DPR - ABS
A1: Material | B1: ABS | L1: Day 1 | N1: Day 2 | P1: Day 3 | R1: Day 4 | T1: Day 5 | V1: Day 6 | X1: Day 7 | Z1: Day 8 | AB1: Day 9 | AD1: Day 10 | AF1: Day 11 | AH1: Day 12 | AJ1: Day 13 | AL1: Day 14 | AN1: Day 15 | AP1: Day 16 | AR1: Day 17 | AT1: Day 18 | AV1: Day 19 | AX1: Day 20 | AZ1: Day 21 | BB1: Day 22 | BD1: Day 23 | BF1: Day 24 | BH1: Day 25 | BJ1: Day 26 | BL1: Day 27 | BN1: Day 28 | BP1: Day 29 | BR1: Day 30 | BT1: Day 31 | BV1: Day 32 | BX1: Day 33 | BZ1: Day 34 | CB1: Day 35 | CD1: Day 36 | CF1: Day 37 | CH1: Day 38 | CJ1: Day 39 | CL1: Day 40 | CN1: Day 41 | CP1: Day 42 | CR1: Day 43 | CT1: Day 44 | CV1: Day 45 | CX1: Day 46 | CZ1: Day 47 | DB1: Day 48 | DD1: Day 49 | DF1: Day 50 | DH1: Day 51
L2: 45967 | N2: =WORKDAY.INTL(L2,1,"0000001") -> 45968 | P2: =WORKDAY.INTL(N2,1,"0000001") -> 45969 | R2: =WORKDAY.INTL(P2,1,"0000001") -> 45971 | T2: =WORKDAY.INTL(R2,1,"0000001") -> 45972 | V2: =WORKDAY.INTL(T2,1,"0000001") -> 45973 | X2: =WORKDAY.INTL(V2,1,"0000001") -> 45974 | Z2: =WORKDAY.INTL(X2,1,"0000001") -> 45975 | AB2: =WORKDAY.INTL(Z2,1,"0000001") -> 45976 | AD2: =WORKDAY.INTL(AB2,1,"0000001") -> 45978 | AF2: =WORKDAY.INTL(AD2,1,"0000001") -> 45979 | AH2: =WORKDAY.INTL(AF2,1,"0000001") -> 45980 | AJ2: =WORKDAY.INTL(AH2,1,"0000001") -> 45981 | AL2: =WORKDAY.INTL(AJ2,1,"0000001") -> 45982 | AN2: =WORKDAY.INTL(AL2,1,"0000001") -> 45983 | AP2: =WORKDAY.INTL(AN2,1,"0000001") -> 45985 | AR2: =WORKDAY.INTL(AP2,1,"0000001") -> 45986 | AT2: =WORKDAY.INTL(AR2,1,"0000001") -> 45987 | AV2: =WORKDAY.INTL(AT2,1,"0000001") -> 45988 | AX2: =WORKDAY.INTL(AV2,1,"0000001") -> 45989 | AZ2: =WORKDAY.INTL(AX2,1,"0000001") -> 45990 | BB2: =WORKDAY.INTL(AZ2,1,"0000001") -> 45992 | BD2: =WORKDAY.INTL(BB2,1,"0000001") -> 45993 | BF2: =WORKDAY.INTL(BD2,1,"0000001") -> 45994 | BH2: =WORKDAY.INTL(BF2,1,"0000001") -> 45995 | BJ2: =WORKDAY.INTL(BH2,1,"0000001") -> 45996 | BL2: =WORKDAY.INTL(BJ2,1,"0000001") -> 45997 | BN2: =WORKDAY.INTL(BL2,1,"0000001") -> 45999 | BP2: =WORKDAY.INTL(BN2,1,"0000001") -> 46000 | BR2: =WORKDAY.INTL(BP2,1,"0000001") -> 46001 | BT2: =WORKDAY.INTL(BR2,1,"0000001") -> 46002 | BV2: =WORKDAY.INTL(BT2,1,"0000001") -> 46003 | BX2: =WORKDAY.INTL(BV2,1,"0000001") -> 46004 | BZ2: =WORKDAY.INTL(BX2,1,"0000001") -> 46006 | CB2: =WORKDAY.INTL(BZ2,1,"0000001") -> 46007 | CD2: =WORKDAY.INTL(CB2,1,"0000001") -> 46008 | CF2: =WORKDAY.INTL(CD2,1,"0000001") -> 46009 | CH2: =WORKDAY.INTL(CF2,1,"0000001") -> 46010 | CJ2: =WORKDAY.INTL(CH2,1,"0000001") -> 46011 | CL2: =WORKDAY.INTL(CJ2,1,"0000001") -> 46013 | CN2: =WORKDAY.INTL(CL2,1,"0000001") -> 46014 | CP2: =WORKDAY.INTL(CN2,1,"0000001") -> 46015 | CR2: =WORKDAY.INTL(CP2,1,"0000001") -> 46016 | CT2: =WORKDAY.INTL(CR2,1,"0000001") -> 46017 | CV2: =WORKDAY.INTL(CT2,1,"0000001") -> 46018 | CX2: =WORKDAY.INTL(CV2,1,"0000001") -> 46020 | CZ2: =WORKDAY.INTL(CX2,1,"0000001") -> 46021 | DB2: =WORKDAY.INTL(CZ2,1,"0000001") -> 46022 | DD2: =WORKDAY.INTL(DB2,1,"0000001") -> 46023 | DF2: =WORKDAY.INTL(DD2,1,"0000001") -> 46024 | DH2: =WORKDAY.INTL(DF2,1,"0000001") -> 46025
A3: Part No. | B3: Description | C3: Frame Pantone | D3: Frame Color | E3: Order Qty | F3: Done Till Date | G3: Pending | H3: Daily Capacity | I3: Available Frames | J3: Pending Assembly | K3: Days required to complete | L3: Planned | M3: Actual | N3: Planned | O3: Actual | P3: Planned | Q3: Actual | R3: Planned | S3: Actual | T3: Planned | U3: Actual | V3: Planned | W3: Actual | X3: Planned | Y3: Actual | Z3: Planned | AA3: Actual | AB3: Planned | AC3: Actual | AD3: Planned | AE3: Actual | AF3: Planned | AG3: Actual | AH3: Planned | AI3: Actual | AJ3: Planned | AK3: Actual | AL3: Planned | AM3: Actual | AN3: Planned | AO3: Actual | AP3: Planned | AQ3: Actual | AR3: Planned | AS3: Actual | AT3: Planned | AU3: Actual | AV3: Planned | AW3: Actual | AX3: Planned | AY3: Actual | AZ3: Planned | BA3: Actual | BB3: Planned | BC3: Actual | BD3: Planned | BE3: Actual | BF3: Planned | BG3: Actual | BH3: Planned | BI3: Actual | BJ3: Planned | BK3: Actual | BL3: Planned | BM3: Actual | BN3: Planned | BO3: Actual | BP3: Planned | BQ3: Actual | BR3: Planned | BS3: Actual | BT3: Planned | BU3: Actual | BV3: Planned | BW3: Actual | BX3: Planned | BY3: Actual | BZ3: Planned | CA3: Actual | CB3: Planned | CC3: Actual | CD3: Planned | CE3: Actual | CF3: Planned | CG3: Actual | CH3: Planned | CI3: Actual | CJ3: Planned | CK3: Actual | CL3: Planned | CM3: Actual | CN3: Planned | CO3: Actual | CP3: Planned | CQ3: Actual | CR3: Planned | CS3: Actual | CT3: Planned | CU3: Actual | CV3: Planned | CW3: Actual | CX3: Planned | CY3: Actual | CZ3: Planned | DA3: Actual | DB3: Planned | DC3: Actual | DD3: Planned | DE3: Actual | DF3: Planned | DG3: Actual | DH3: Planned | DI3: Actual
A4: 6223 BLK | B4: Sunglass, 6223 Black | C4: Black 6C | D4: Black | E4: =SUMIF('Sunglasses BOM'!$D$1:$D$79,B4,'Sunglasses BOM'!$E$1:$E$79) -> 218400 | F4: {=SUMPRODUCT((MOD(COLUMN($M4:$FR4)-COLUMN($M4),2)=0)*($M4:$FR4))} -> 0 | G4: =E4-F4 -> 218400 | H4: ='Final Processes daily output'!$F$18 -> 31680 | I4: =_xlfn.XLOOKUP(A4,'Riveting DPR - ABS - Pramara'!$A$4:$A$26,'Riveting DPR - ABS - Pramara'!$F$4:$F$26) -> 0 | J4: =I4-F4 -> 0 | K4: =G4/H4 -> 6.8939394
A5: 6223 NAV | B5: Sunglass, 6223 Navy | C5: 648C | D5: Navy | E5: =SUMIF('Sunglasses BOM'!$D$1:$D$79,B5,'Sunglasses BOM'!$E$1:$E$79) -> 100800 | F5: {=SUMPRODUCT((MOD(COLUMN($M5:$FR5)-COLUMN($M5),2)=0)*($M5:$FR5))} -> 0 | G5: =E5-F5 -> 100800 | H5: ='Final Processes daily output'!$F$18 -> 31680 | I5: =_xlfn.XLOOKUP(A5,'Riveting DPR - ABS - Pramara'!$A$4:$A$26,'Riveting DPR - ABS - Pramara'!$F$4:$F$26) -> 0 | J5: =I5-F5 -> 0 | K5: =G5/H5 -> 3.1818182
A6: 6223 RED | B6: Sunglass, 6223 Red | C6: 1807C | D6: Red | E6: =SUMIF('Sunglasses BOM'!$D$1:$D$79,B6,'Sunglasses BOM'!$E$1:$E$79) -> 151200 | F6: {=SUMPRODUCT((MOD(COLUMN($M6:$FR6)-COLUMN($M6),2)=0)*($M6:$FR6))} -> 0 | G6: =E6-F6 -> 151200 | H6: ='Final Processes daily output'!$F$18 -> 31680 | I6: =_xlfn.XLOOKUP(A6,'Riveting DPR - ABS - Pramara'!$A$4:$A$26,'Riveting DPR - ABS - Pramara'!$F$4:$F$26) -> 0 | J6: =I6-F6 -> 0 | K6: =G6/H6 -> 4.7727273
A7: 6223 ROY | B7: Sunglass, 6223 Royal | C7: 2746C | D7: Royal | E7: =SUMIF('Sunglasses BOM'!$D$1:$D$79,B7,'Sunglasses BOM'!$E$1:$E$79) -> 100800 | F7: {=SUMPRODUCT((MOD(COLUMN($M7:$FR7)-COLUMN($M7),2)=0)*($M7:$FR7))} -> 0 | G7: =E7-F7 -> 100800 | H7: ='Final Processes daily output'!$F$18 -> 31680 | I7: =_xlfn.XLOOKUP(A7,'Riveting DPR - ABS - Pramara'!$A$4:$A$26,'Riveting DPR - ABS - Pramara'!$F$4:$F$26) -> 0 | J7: =I7-F7 -> 0 | K7: =G7/H7 -> 3.1818182
A8: 6223 WHT | B8: Sunglass, 6223 White | C8: WHITE | D8: White | E8: =SUMIF('Sunglasses BOM'!$D$1:$D$79,B8,'Sunglasses BOM'!$E$1:$E$79) -> 134400 | F8: {=SUMPRODUCT((MOD(COLUMN($M8:$FR8)-COLUMN($M8),2)=0)*($M8:$FR8))} -> 0 | G8: =E8-F8 -> 134400 | H8: ='Final Processes daily output'!$F$18 -> 31680 | I8: =_xlfn.XLOOKUP(A8,'Riveting DPR - ABS - Pramara'!$A$4:$A$26,'Riveting DPR - ABS - Pramara'!$F$4:$F$26) -> 0 | J8: =I8-F8 -> 0 | K8: =G8/H8 -> 4.2424242
A9: 6224 BLUBLK | B9: Sunglass, 6224 2tone BlueBlack | C9: 2187C | D9: Blue | E9: =SUMIF('Sunglasses BOM'!$D$1:$D$79,B9,'Sunglasses BOM'!$E$1:$E$79) -> 33600 | F9: {=SUMPRODUCT((MOD(COLUMN($M9:$FR9)-COLUMN($M9),2)=0)*($M9:$FR9))} -> 0 | G9: =E9-F9 -> 33600 | H9: ='Final Processes daily output'!$F$18 -> 31680 | I9: =_xlfn.XLOOKUP(A9,'Riveting DPR - ABS - Pramara'!$A$4:$A$26,'Riveting DPR - ABS - Pramara'!$F$4:$F$26) -> 0 | J9: =I9-F9 -> 0 | K9: =G9/H9 -> 1.0606061
A10: 6224 BLUWHT | B10: Sunglass, 6224 2tone Bluewhite | C10: 2187C | D10: Blue | E10: =SUMIF('Sunglasses BOM'!$D$1:$D$79,B10,'Sunglasses BOM'!$E$1:$E$79) -> 16800 | F10: {=SUMPRODUCT((MOD(COLUMN($M10:$FR10)-COLUMN($M10),2)=0)*($M10:$FR10))} -> 0 | G10: =E10-F10 -> 16800 | H10: ='Final Processes daily output'!$F$18 -> 31680 | I10: =_xlfn.XLOOKUP(A10,'Riveting DPR - ABS - Pramara'!$A$4:$A$26,'Riveting DPR - ABS - Pramara'!$F$4:$F$26) -> 0 | J10: =I10-F10 -> 0 | K10: =G10/H10 -> 0.53030303
A11: 6224 REDBLK | B11: Sunglass, 6224 2tone redblack | C11: 201C | D11: Red | E11: =SUMIF('Sunglasses BOM'!$D$1:$D$79,B11,'Sunglasses BOM'!$E$1:$E$79) -> 25200 | F11: {=SUMPRODUCT((MOD(COLUMN($M11:$FR11)-COLUMN($M11),2)=0)*($M11:$FR11))} -> 0 | G11: =E11-F11 -> 25200 | H11: ='Final Processes daily output'!$F$18 -> 31680 | I11: =_xlfn.XLOOKUP(A11,'Riveting DPR - ABS - Pramara'!$A$4:$A$26,'Riveting DPR - ABS - Pramara'!$F$4:$F$26) -> 0 | J11: =I11-F11 -> 0 | K11: =G11/H11 -> 0.79545455
A12: 6224 REDWHT | B12: Sunglass, 6224 2tone redwhite | C12: 201C | D12: Red | E12: =SUMIF('Sunglasses BOM'!$D$1:$D$79,B12,'Sunglasses BOM'!$E$1:$E$79) -> 8400 | F12: {=SUMPRODUCT((MOD(COLUMN($M12:$FR12)-COLUMN($M12),2)=0)*($M12:$FR12))} -> 0 | G12: =E12-F12 -> 8400 | H12: ='Final Processes daily output'!$F$18 -> 31680 | I12: =_xlfn.XLOOKUP(A12,'Riveting DPR - ABS - Pramara'!$A$4:$A$26,'Riveting DPR - ABS - Pramara'!$F$4:$F$26) -> 0 | J12: =I12-F12 -> 0 | K12: =G12/H12 -> 0.26515152
A13: 6207CLRBLU | B13: Sunglass, Clear W/Blue Lenses | C13: Clear | D13: Clear | E13: =SUMIF('Sunglasses BOM'!$D$1:$D$79,B13,'Sunglasses BOM'!$E$1:$E$79) -> 42000 | F13: {=SUMPRODUCT((MOD(COLUMN($M13:$FR13)-COLUMN($M13),2)=0)*($M13:$FR13))} -> 0 | G13: =E13-F13 -> 42000 | H13: ='Final Processes daily output'!$F$18 -> 31680 | I13: =_xlfn.XLOOKUP(A13,'Riveting DPR - ABS - Pramara'!$A$4:$A$26,'Riveting DPR - ABS - Pramara'!$F$4:$F$26) -> 0 | J13: =I13-F13 -> 0 | K13: =G13/H13 -> 1.3257576
A14: 6207CLRGRN | B14: Sunglass, Clear W/Green Lenses | C14: Clear | D14: Clear | E14: =SUMIF('Sunglasses BOM'!$D$1:$D$79,B14,'Sunglasses BOM'!$E$1:$E$79) -> 25200 | F14: {=SUMPRODUCT((MOD(COLUMN($M14:$FR14)-COLUMN($M14),2)=0)*($M14:$FR14))} -> 0 | G14: =E14-F14 -> 25200 | H14: ='Final Processes daily output'!$F$18 -> 31680 | I14: =_xlfn.XLOOKUP(A14,'Riveting DPR - ABS - Pramara'!$A$4:$A$26,'Riveting DPR - ABS - Pramara'!$F$4:$F$26) -> 0 | J14: =I14-F14 -> 0 | K14: =G14/H14 -> 0.79545455
A15: 6207CLRRED | B15: Sunglass, Clear W/Red Lenses | C15: Clear | D15: Clear | E15: =SUMIF('Sunglasses BOM'!$D$1:$D$79,B15,'Sunglasses BOM'!$E$1:$E$79) -> 16800 | F15: {=SUMPRODUCT((MOD(COLUMN($M15:$FR15)-COLUMN($M15),2)=0)*($M15:$FR15))} -> 0 | G15: =E15-F15 -> 16800 | H15: ='Final Processes daily output'!$F$18 -> 31680 | I15: =_xlfn.XLOOKUP(A15,'Riveting DPR - ABS - Pramara'!$A$4:$A$26,'Riveting DPR - ABS - Pramara'!$F$4:$F$26) -> 0 | J15: =I15-F15 -> 0 | K15: =G15/H15 -> 0.53030303
... A26: 6223PUR | B26: Sunglass, 6223, Purple | C26: 2077C | D26: Purple | E26: =SUMIF('Sunglasses BOM'!$D$1:$D$79,B26,'Sunglasses BOM'!$E$1:$E$79) -> 16800 | F26: {=SUMPRODUCT((MOD(COLUMN($M26:$FR26)-COLUMN($M26),2)=0)*($M26:$FR26))} -> 0 | G26: =E26-F26 -> 16800 | H26: ='Final Processes daily output'!$F$18 -> 31680 | I26: =_xlfn.XLOOKUP(A26,'Riveting DPR - ABS - Pramara'!$A$4:$A$26,'Riveting DPR - ABS - Pramara'!$F$4:$F$26) -> 0 | J26: =I26-F26 -> 0 | K26: =G26/H26 -> 0.53030303

Sheet Pad Printing DPR - PP
A1: Material | B1: PP | O1: Day 1 | Q1: Day 2 | S1: Day 3 | U1: Day 4 | W1: Day 5 | Y1: Day 6 | AA1: Day 7 | AC1: Day 8 | AE1: Day 9 | AG1: Day 10 | AI1: Day 11 | AK1: Day 12 | AM1: Day 13 | AO1: Day 14 | AQ1: Day 15 | AS1: Day 16 | AU1: Day 17 | AW1: Day 18 | AY1: Day 19 | BA1: Day 20 | BC1: Day 21 | BE1: Day 22 | BG1: Day 23 | BI1: Day 24 | BK1: Day 25 | BM1: Day 26 | BO1: Day 27 | BQ1: Day 28 | BS1: Day 29 | BU1: Day 30 | BW1: Day 31 | BY1: Day 32 | CA1: Day 33 | CC1: Day 34 | CE1: Day 35 | CG1: Day 36 | CI1: Day 37 | CK1: Day 38 | CM1: Day 39 | CO1: Day 40 | CQ1: Day 41 | CS1: Day 42 | CU1: Day 43 | CW1: Day 44 | CY1: Day 45 | DA1: Day 46 | DC1: Day 47 | DE1: Day 48 | DG1: Day 49 | DI1: Day 50 | DK1: Day 51
O2: 45967 | Q2: =WORKDAY.INTL(O2,1,"0000001") -> 45968 | S2: =WORKDAY.INTL(Q2,1,"0000001") -> 45969 | U2: =WORKDAY.INTL(S2,1,"0000001") -> 45971 | W2: =WORKDAY.INTL(U2,1,"0000001") -> 45972 | Y2: =WORKDAY.INTL(W2,1,"0000001") -> 45973 | AA2: =WORKDAY.INTL(Y2,1,"0000001") -> 45974 | AC2: =WORKDAY.INTL(AA2,1,"0000001") -> 45975 | AE2: =WORKDAY.INTL(AC2,1,"0000001") -> 45976 | AG2: =WORKDAY.INTL(AE2,1,"0000001") -> 45978 | AI2: =WORKDAY.INTL(AG2,1,"0000001") -> 45979 | AK2: =WORKDAY.INTL(AI2,1,"0000001") -> 45980 | AM2: =WORKDAY.INTL(AK2,1,"0000001") -> 45981 | AO2: =WORKDAY.INTL(AM2,1,"0000001") -> 45982 | AQ2: =WORKDAY.INTL(AO2,1,"0000001") -> 45983 | AS2: =WORKDAY.INTL(AQ2,1,"0000001") -> 45985 | AU2: =WORKDAY.INTL(AS2,1,"0000001") -> 45986 | AW2: =WORKDAY.INTL(AU2,1,"0000001") -> 45987 | AY2: =WORKDAY.INTL(AW2,1,"0000001") -> 45988 | BA2: =WORKDAY.INTL(AY2,1,"0000001") -> 45989 | BC2: =WORKDAY.INTL(BA2,1,"0000001") -> 45990 | BE2: =WORKDAY.INTL(BC2,1,"0000001") -> 45992 | BG2: =WORKDAY.INTL(BE2,1,"0000001") -> 45993 | BI2: =WORKDAY.INTL(BG2,1,"0000001") -> 45994 | BK2: =WORKDAY.INTL(BI2,1,"0000001") -> 45995 | BM2: =WORKDAY.INTL(BK2,1,"0000001") -> 45996 | BO2: =WORKDAY.INTL(BM2,1,"0000001") -> 45997 | BQ2: =WORKDAY.INTL(BO2,1,"0000001") -> 45999 | BS2: =WORKDAY.INTL(BQ2,1,"0000001") -> 46000 | BU2: =WORKDAY.INTL(BS2,1,"0000001") -> 46001 | BW2: =WORKDAY.INTL(BU2,1,"0000001") -> 46002 | BY2: =WORKDAY.INTL(BW2,1,"0000001") -> 46003 | CA2: =WORKDAY.INTL(BY2,1,"0000001") -> 46004 | CC2: =WORKDAY.INTL(CA2,1,"0000001") -> 46006 | CE2: =WORKDAY.INTL(CC2,1,"0000001") -> 46007 | CG2: =WORKDAY.INTL(CE2,1,"0000001") -> 46008 | CI2: =WORKDAY.INTL(CG2,1,"0000001") -> 46009 | CK2: =WORKDAY.INTL(CI2,1,"0000001") -> 46010 | CM2: =WORKDAY.INTL(CK2,1,"0000001") -> 46011 | CO2: =WORKDAY.INTL(CM2,1,"0000001") -> 46013 | CQ2: =WORKDAY.INTL(CO2,1,"0000001") -> 46014 | CS2: =WORKDAY.INTL(CQ2,1,"0000001") -> 46015 | CU2: =WORKDAY.INTL(CS2,1,"0000001") -> 46016 | CW2: =WORKDAY.INTL(CU2,1,"0000001") -> 46017 | CY2: =WORKDAY.INTL(CW2,1,"0000001") -> 46018 | DA2: =WORKDAY.INTL(CY2,1,"0000001") -> 46020 | DC2: =WORKDAY.INTL(DA2,1,"0000001") -> 46021 | DE2: =WORKDAY.INTL(DC2,1,"0000001") -> 46022 | DG2: =WORKDAY.INTL(DE2,1,"0000001") -> 46023 | DI2: =WORKDAY.INTL(DG2,1,"0000001") -> 46024 | DK2: =WORKDAY.INTL(DI2,1,"0000001") -> 46025
A3: Part No. | B3: Description | C3: Frame Pantone | D3: Frame Color | E3: Temple Pantone | F3: Temple Color | G3: Rubberised | H3: Order Qty | I3: Done Till Date | J3: Pending | K3: Daily Capacity | L3: Available | M3: Pending Assembly | N3: Days required to complete | O3: Planned | P3: Actual | Q3: Planned | R3: Actual | S3: Planned | T3: Actual | U3: Planned | V3: Actual | W3: Planned | X3: Actual | Y3: Planned | Z3: Actual | AA3: Planned | AB3: Actual | AC3: Planned | AD3: Actual | AE3: Planned | AF3: Actual | AG3: Planned | AH3: Actual | AI3: Planned | AJ3: Actual | AK3: Planned | AL3: Actual | AM3: Planned | AN3: Actual | AO3: Planned | AP3: Actual | AQ3: Planned | AR3: Actual | AS3: Planned | AT3: Actual | AU3: Planned | AV3: Actual | AW3: Planned | AX3: Actual | AY3: Planned | AZ3: Actual | BA3: Planned | BB3: Actual | BC3: Planned | BD3: Actual | BE3: Planned | BF3: Actual | BG3: Planned | BH3: Actual | BI3: Planned | BJ3: Actual | BK3: Planned | BL3: Actual | BM3: Planned | BN3: Actual | BO3: Planned | BP3: Actual | BQ3: Planned | BR3: Actual | BS3: Planned | BT3: Actual | BU3: Planned | BV3: Actual | BW3: Planned | BX3: Actual | BY3: Planned | BZ3: Actual | CA3: Planned | CB3: Actual | CC3: Planned | CD3: Actual | CE3: Planned | CF3: Actual | CG3: Planned | CH3: Actual | CI3: Planned | CJ3: Actual | CK3: Planned | CL3: Actual | CM3: Planned | CN3: Actual | CO3: Planned | CP3: Actual | CQ3: Planned | CR3: Actual | CS3: Planned | CT3: Actual | CU3: Planned | CV3: Actual | CW3: Planned | CX3: Actual | CY3: Planned | CZ3: Actual | DA3: Planned | DB3: Actual | DC3: Planned | DD3: Actual | DE3: Planned | DF3: Actual | DG3: Planned | DH3: Actual | DI3: Planned | DJ3: Actual | DK3: Planned | DL3: Actual
A4: 4000 BLK | B4: Sunglass, Black Frame, Black Temple | C4: Black C | D4: Black | E4: Black C | F4: Black | H4: =SUMIF('Sunglasses BOM'!C2:C79,A4,'Sunglasses BOM'!E2:E79) -> 117600 | I4: {=SUMPRODUCT((MOD(COLUMN($P4:$FU4)-COLUMN($P4),2)=0)*($P4:$FU4))} -> 0 | J4: =H4-I4 -> 117600 | K4: ='Final Processes daily output'!$F$21 -> 31680 | L4: =_xlfn.XLOOKUP(A4,'Screwing PP DPR'!$A$4:$A$27,'Screwing PP DPR'!$I$4:$I$27) -> 0 | M4: =L4-I4 -> 0 | N4: =J4/K4 -> 3.7121212
A5: 4000 BLU | B5: Sunglass, Rubberised Blue | C5: 2144C | D5: Blue | E5: 2144C | F5: Blue | G5: Rubberised | H5: =SUMIF('Sunglasses BOM'!C3:C80,A5,'Sunglasses BOM'!E3:E80) -> 58800 | I5: {=SUMPRODUCT((MOD(COLUMN($P5:$FU5)-COLUMN($P5),2)=0)*($P5:$FU5))} -> 0 | J5: =H5-I5 -> 58800 | K5: ='Final Processes daily output'!$F$21 -> 31680 | L5: =_xlfn.XLOOKUP(A5,'Screwing PP DPR'!$A$4:$A$27,'Screwing PP DPR'!$I$4:$I$27) -> 0 | M5: =L5-I5 -> 0 | N5: =J5/K5 -> 1.8560606
A6: 4000 BLUBLU | B6: Sunglass, Blue Frame, Blue Temple | C6: 2144C | D6: Blue | E6: 2144C | F6: Blue | H6: =SUMIF('Sunglasses BOM'!C4:C81,A6,'Sunglasses BOM'!E4:E81) -> 50400 | I6: {=SUMPRODUCT((MOD(COLUMN($P6:$FU6)-COLUMN($P6),2)=0)*($P6:$FU6))} -> 0 | J6: =H6-I6 -> 50400 | K6: ='Final Processes daily output'!$F$21 -> 31680 | L6: =_xlfn.XLOOKUP(A6,'Screwing PP DPR'!$A$4:$A$27,'Screwing PP DPR'!$I$4:$I$27) -> 0 | M6: =L6-I6 -> 0 | N6: =J6/K6 -> 1.5909091
A7: 4000 GRN | B7: Sunglass, Rubberised Green | C7: 2270C | D7: Green | E7: 2270C | F7: Green | G7: Rubberised | H7: =SUMIF('Sunglasses BOM'!C5:C82,A7,'Sunglasses BOM'!E5:E82) -> 25200 | I7: {=SUMPRODUCT((MOD(COLUMN($P7:$FU7)-COLUMN($P7),2)=0)*($P7:$FU7))} -> 0 | J7: =H7-I7 -> 25200 | K7: ='Final Processes daily output'!$F$21 -> 31680 | L7: =_xlfn.XLOOKUP(A7,'Screwing PP DPR'!$A$4:$A$27,'Screwing PP DPR'!$I$4:$I$27) -> 0 | M7: =L7-I7 -> 0 | N7: =J7/K7 -> 0.79545455
A8: 4000 GRNGRN | B8: Sunglass, Green Frame, Green Temple | C8: 2270C | D8: Green | E8: 2270C | F8: Green | H8: =SUMIF('Sunglasses BOM'!C6:C83,A8,'Sunglasses BOM'!E6:E83) -> 25200 | I8: {=SUMPRODUCT((MOD(COLUMN($P8:$FU8)-COLUMN($P8),2)=0)*($P8:$FU8))} -> 0 | J8: =H8-I8 -> 25200 | K8: ='Final Processes daily output'!$F$21 -> 31680 | L8: =_xlfn.XLOOKUP(A8,'Screwing PP DPR'!$A$4:$A$27,'Screwing PP DPR'!$I$4:$I$27) -> 0 | M8: =L8-I8 -> 0 | N8: =J8/K8 -> 0.79545455
A9: 4000 RED | B9: Sunglass, Rubberised Red | C9: 7628C | D9: Red | E9: 7628C | F9: Red | G9: Rubberised | H9: =SUMIF('Sunglasses BOM'!C7:C84,A9,'Sunglasses BOM'!E7:E84) -> 42000 | I9: {=SUMPRODUCT((MOD(COLUMN($P9:$FU9)-COLUMN($P9),2)=0)*($P9:$FU9))} -> 0 | J9: =H9-I9 -> 42000 | K9: ='Final Processes daily output'!$F$21 -> 31680 | L9: =_xlfn.XLOOKUP(A9,'Screwing PP DPR'!$A$4:$A$27,'Screwing PP DPR'!$I$4:$I$27) -> 0 | M9: =L9-I9 -> 0 | N9: =J9/K9 -> 1.3257576
A10: 4000 REDRED | B10: Sunglass, Red Frame, Red Temple | C10: 7628C | D10: Red | E10: 7628C | F10: Red | H10: =SUMIF('Sunglasses BOM'!C8:C85,A10,'Sunglasses BOM'!E8:E85) -> 42000 | I10: {=SUMPRODUCT((MOD(COLUMN($P10:$FU10)-COLUMN($P10),2)=0)*($P10:$FU10))} -> 0 | J10: =H10-I10 -> 42000 | K10: ='Final Processes daily output'!$F$21 -> 31680 | L10: =_xlfn.XLOOKUP(A10,'Screwing PP DPR'!$A$4:$A$27,'Screwing PP DPR'!$I$4:$I$27) -> 0 | M10: =L10-I10 -> 0 | N10: =J10/K10 -> 1.3257576
A11: 4000 WHT | B11: Sunglass, Rubberised White | C11: White | D11: White | E11: White | F11: White | G11: Rubberised | H11: =SUMIF('Sunglasses BOM'!C9:C86,A11,'Sunglasses BOM'!E9:E86) -> 33600 | I11: {=SUMPRODUCT((MOD(COLUMN($P11:$FU11)-COLUMN($P11),2)=0)*($P11:$FU11))} -> 0 | J11: =H11-I11 -> 33600 | K11: ='Final Processes daily output'!$F$21 -> 31680 | L11: =_xlfn.XLOOKUP(A11,'Screwing PP DPR'!$A$4:$A$27,'Screwing PP DPR'!$I$4:$I$27) -> 0 | M11: =L11-I11 -> 0 | N11: =J11/K11 -> 1.0606061
A12: 4000 WHTWHT | B12: Sunglass, White Frame, White Temple | C12: White | D12: White | E12: White | F12: White | H12: =SUMIF('Sunglasses BOM'!C10:C87,A12,'Sunglasses BOM'!E10:E87) -> 42000 | I12: {=SUMPRODUCT((MOD(COLUMN($P12:$FU12)-COLUMN($P12),2)=0)*($P12:$FU12))} -> 0 | J12: =H12-I12 -> 42000 | K12: ='Final Processes daily output'!$F$21 -> 31680 | L12: =_xlfn.XLOOKUP(A12,'Screwing PP DPR'!$A$4:$A$27,'Screwing PP DPR'!$I$4:$I$27) -> 0 | M12: =L12-I12 -> 0 | N12: =J12/K12 -> 1.3257576
A13: 4000 GRA | B13: Sunglass Black Frame/Gray Temple | C13: Black C | D13: Black | E13: 423C | F13: Grey | H13: =SUMIF('Sunglasses BOM'!C11:C88,A13,'Sunglasses BOM'!E11:E88) -> 8400 | I13: {=SUMPRODUCT((MOD(COLUMN($P13:$FU13)-COLUMN($P13),2)=0)*($P13:$FU13))} -> 0 | J13: =H13-I13 -> 8400 | K13: ='Final Processes daily output'!$F$21 -> 31680 | L13: =_xlfn.XLOOKUP(A13,'Screwing PP DPR'!$A$4:$A$27,'Screwing PP DPR'!$I$4:$I$27) -> 0 | M13: =L13-I13 -> 0 | N13: =J13/K13 -> 0.26515152
A14: 4000 MARMAR | B14: Sunglass Mar Frame/MAR Temple | C14: 7428C | D14: Mar | E14: 7428C | F14: Mar | H14: =SUMIF('Sunglasses BOM'!C12:C89,A14,'Sunglasses BOM'!E12:E89) -> 8400 | I14: {=SUMPRODUCT((MOD(COLUMN($P14:$FU14)-COLUMN($P14),2)=0)*($P14:$FU14))} -> 0 | J14: =H14-I14 -> 8400 | K14: ='Final Processes daily output'!$F$21 -> 31680 | L14: =_xlfn.XLOOKUP(A14,'Screwing PP DPR'!$A$4:$A$27,'Screwing PP DPR'!$I$4:$I$27) -> 0 | M14: =L14-I14 -> 0 | N14: =J14/K14 -> 0.26515152
A15: 4000 ORN | B15: Rubberised Sunglasses Orange | C15: 1645C | D15: Orange | E15: 1645C | F15: Orange | G15: Rubberised | H15: =SUMIF('Sunglasses BOM'!C13:C90,A15,'Sunglasses BOM'!E13:E90) -> 16800 | I15: {=SUMPRODUCT((MOD(COLUMN($P15:$FU15)-COLUMN($P15),2)=0)*($P15:$FU15))} -> 0 | J15: =H15-I15 -> 16800 | K15: ='Final Processes daily output'!$F$21 -> 31680 | L15: =_xlfn.XLOOKUP(A15,'Screwing PP DPR'!$A$4:$A$27,'Screwing PP DPR'!$I$4:$I$27) -> 0 | M15: =L15-I15 -> 0 | N15: =J15/K15 -> 0.53030303
A16: 4000 ORNORN | B16: Sunglass Orange Frame/ORN Temple | C16: 1645C | D16: Orange | E16: 1645C | F16: Orange | H16: =SUMIF('Sunglasses BOM'!C14:C91,A16,'Sunglasses BOM'!E14:E91) -> 25200 | I16: {=SUMPRODUCT((MOD(COLUMN($P16:$FU16)-COLUMN($P16),2)=0)*($P16:$FU16))} -> 0 | J16: =H16-I16 -> 25200 | K16: ='Final Processes daily output'!$F$21 -> 31680 | L16: =_xlfn.XLOOKUP(A16,'Screwing PP DPR'!$A$4:$A$27,'Screwing PP DPR'!$I$4:$I$27) -> 0 | M16: =L16-I16 -> 0 | N16: =J16/K16 -> 0.79545455
A17: 4000 PURPUR | B17: Sunglass PUR Frame/PUR Temple | C17: 267C | D17: Purple | E17: 267C | F17: Purple | H17: =SUMIF('Sunglasses BOM'!C15:C92,A17,'Sunglasses BOM'!E15:E92) -> 25200 | I17: {=SUMPRODUCT((MOD(COLUMN($P17:$FU17)-COLUMN($P17),2)=0)*($P17:$FU17))} -> 0 | J17: =H17-I17 -> 25200 | K17: ='Final Processes daily output'!$F$21 -> 31680 | L17: =_xlfn.XLOOKUP(A17,'Screwing PP DPR'!$A$4:$A$27,'Screwing PP DPR'!$I$4:$I$27) -> 0 | M17: =L17-I17 -> 0 | N17: =J17/K17 -> 0.79545455
A18: 4000 WHTBLU | B18: Sunglass WHT Frame/BLU Temple | C18: White | D18: White | E18: 2144C | F18: Blue | H18: =SUMIF('Sunglasses BOM'!C16:C93,A18,'Sunglasses BOM'!E16:E93) -> 33600 | I18: {=SUMPRODUCT((MOD(COLUMN($P18:$FU18)-COLUMN($P18),2)=0)*($P18:$FU18))} -> 0 | J18: =H18-I18 -> 33600 | K18: ='Final Processes daily output'!$F$21 -> 31680 | L18: =_xlfn.XLOOKUP(A18,'Screwing PP DPR'!$A$4:$A$27,'Screwing PP DPR'!$I$4:$I$27) -> 0 | M18: =L18-I18 -> 0 | N18: =J18/K18 -> 1.0606061
A19: 4000 WHTRED | B19: Sunglass WHT Frame/RED Temple | C19: White | D19: White | E19: 7628C | F19: Red | H19: =SUMIF('Sunglasses BOM'!C17:C94,A19,'Sunglasses BOM'!E17:E94) -> 16800 | I19: {=SUMPRODUCT((MOD(COLUMN($P19:$FU19)-COLUMN($P19),2)=0)*($P19:$FU19))} -> 0 | J19: =H19-I19 -> 16800 | K19: ='Final Processes daily output'!$F$21 -> 31680 | L19: =_xlfn.XLOOKUP(A19,'Screwing PP DPR'!$A$4:$A$27,'Screwing PP DPR'!$I$4:$I$27) -> 0 | M19: =L19-I19 -> 0 | N19: =J19/K19 -> 0.53030303
A20: 6208WHTBLU | B20: Sunglass, WHT W/BLU Mirror lens | C20: WHITE | D20: White | E20: WHITE | F20: White | H20: =SUMIF('Sunglasses BOM'!C18:C95,A20,'Sunglasses BOM'!E18:E95) -> 50400 | I20: {=SUMPRODUCT((MOD(COLUMN($P20:$FU20)-COLUMN($P20),2)=0)*($P20:$FU20))} -> 0 | J20: =H20-I20 -> 50400 | K20: ='Final Processes daily output'!$F$21 -> 31680 | L20: =_xlfn.XLOOKUP(A20,'Screwing PP DPR'!$A$4:$A$27,'Screwing PP DPR'!$I$4:$I$27) -> 0 | M20: =L20-I20 -> 0 | N20: =J20/K20 -> 1.5909091
A21: 6208WHTGRN | B21: Sunglass, WHT W/GRN Mirror lens | C21: WHITE | D21: White | E21: WHITE | F21: White | H21: =SUMIF('Sunglasses BOM'!C19:C96,A21,'Sunglasses BOM'!E19:E96) -> 50400 | I21: {=SUMPRODUCT((MOD(COLUMN($P21:$FU21)-COLUMN($P21),2)=0)*($P21:$FU21))} -> 0 | J21: =H21-I21 -> 50400 | K21: ='Final Processes daily output'!$F$21 -> 31680 | L21: =_xlfn.XLOOKUP(A21,'Screwing PP DPR'!$A$4:$A$27,'Screwing PP DPR'!$I$4:$I$27) -> 0 | M21: =L21-I21 -> 0 | N21: =J21/K21 -> 1.5909091
A22: 6208WHTSIL | B22: Sunglass, WHT W/SIL Mirror lens | C22: WHITE | D22: White | E22: WHITE | F22: White | H22: =SUMIF('Sunglasses BOM'!C20:C97,A22,'Sunglasses BOM'!E20:E97) -> 8400 | I22: {=SUMPRODUCT((MOD(COLUMN($P22:$FU22)-COLUMN($P22),2)=0)*($P22:$FU22))} -> 0 | J22: =H22-I22 -> 8400 | K22: ='Final Processes daily output'!$F$21 -> 31680 | L22: =_xlfn.XLOOKUP(A22,'Screwing PP DPR'!$A$4:$A$27,'Screwing PP DPR'!$I$4:$I$27) -> 0 | M22: =L22-I22 -> 0 | N22: =J22/K22 -> 0.26515152
A23: 6208WHTYEL | B23: Sunglass, WHT W/YEL Mirror lens | C23: WHITE | D23: White | E23: WHITE | F23: White | H23: =SUMIF('Sunglasses BOM'!C21:C98,A23,'Sunglasses BOM'!E21:E98) -> 16800 | I23: {=SUMPRODUCT((MOD(COLUMN($P23:$FU23)-COLUMN($P23),2)=0)*($P23:$FU23))} -> 0 | J23: =H23-I23 -> 16800 | K23: ='Final Processes daily output'!$F$21 -> 31680 | L23: =_xlfn.XLOOKUP(A23,'Screwing PP DPR'!$A$4:$A$27,'Screwing PP DPR'!$I$4:$I$27) -> 0 | M23: =L23-I23 -> 0 | N23: =J23/K23 -> 0.53030303
A24: 4001BLKBLU | B24: Glasses, BLKBLU W/BLU Tint Lens | C24: Black C | D24: Black | E24: 2144C | F24: Blue | H24: =SUMIF('Sunglasses BOM'!C22:C99,A24,'Sunglasses BOM'!E22:E99) -> 25200 | I24: {=SUMPRODUCT((MOD(COLUMN($P24:$FU24)-COLUMN($P24),2)=0)*($P24:$FU24))} -> 0 | J24: =H24-I24 -> 25200 | K24: ='Final Processes daily output'!$F$21 -> 31680 | L24: =_xlfn.XLOOKUP(A24,'Screwing PP DPR'!$A$4:$A$27,'Screwing PP DPR'!$I$4:$I$27) -> 0 | M24: =L24-I24 -> 0 | N24: =J24/K24 -> 0.79545455
A25: 4001BLKORN | B25: Glasses, BLKORN W/ORN Tint Lens | C25: Black C | D25: Black | E25: 1645C | F25: Orange | H25: =SUMIF('Sunglasses BOM'!C23:C100,A25,'Sunglasses BOM'!E23:E100) -> 8400 | I25: {=SUMPRODUCT((MOD(COLUMN($P25:$FU25)-COLUMN($P25),2)=0)*($P25:$FU25))} -> 0 | J25: =H25-I25 -> 8400 | K25: ='Final Processes daily output'!$F$21 -> 31680 | L25: =_xlfn.XLOOKUP(A25,'Screwing PP DPR'!$A$4:$A$27,'Screwing PP DPR'!$I$4:$I$27) -> 0 | M25: =L25-I25 -> 0 | N25: =J25/K25 -> 0.26515152
A26: 3991NEONBLUBLK | B26: Sunglass Blue Frame/Black Arms | C26: 2174c | D26: Blue | E26: Black C | F26: Black | H26: =SUMIF('Sunglasses BOM'!C24:C101,A26,'Sunglasses BOM'!E24:E101) -> 8400 | I26: {=SUMPRODUCT((MOD(COLUMN($P26:$FU26)-COLUMN($P26),2)=0)*($P26:$FU26))} -> 0 | J26: =H26-I26 -> 8400 | K26: ='Final Processes daily output'!$F$21 -> 31680 | L26: =_xlfn.XLOOKUP(A26,'Screwing PP DPR'!$A$4:$A$27,'Screwing PP DPR'!$I$4:$I$27) -> 0 | M26: =L26-I26 -> 0 | N26: =J26/K26 -> 0.26515152
A27: 3991NEONORNBLK | B27: Sunglass Orange Frame/Black Arms | C27: 1645C | D27: Orange | E27: Black C | F27: Black | H27: =SUMIF('Sunglasses BOM'!C25:C102,A27,'Sunglasses BOM'!E25:E102) -> 8400 | I27: {=SUMPRODUCT((MOD(COLUMN($P27:$FU27)-COLUMN($P27),2)=0)*($P27:$FU27))} -> 0 | J27: =H27-I27 -> 8400 | K27: ='Final Processes daily output'!$F$21 -> 31680 | L27: =_xlfn.XLOOKUP(A27,'Screwing PP DPR'!$A$4:$A$27,'Screwing PP DPR'!$I$4:$I$27) -> 0 | M27: =L27-I27 -> 0 | N27: =J27/K27 -> 0.26515152

Sheet Lens Assembly DPR - ABS
A1: Material | B1: ABS | L1: Day 1 | N1: Day 2 | P1: Day 3 | R1: Day 4 | T1: Day 5 | V1: Day 6 | X1: Day 7 | Z1: Day 8 | AB1: Day 9 | AD1: Day 10 | AF1: Day 11 | AH1: Day 12 | AJ1: Day 13 | AL1: Day 14 | AN1: Day 15 | AP1: Day 16 | AR1: Day 17 | AT1: Day 18 | AV1: Day 19 | AX1: Day 20 | AZ1: Day 21 | BB1: Day 22 | BD1: Day 23 | BF1: Day 24 | BH1: Day 25 | BJ1: Day 26 | BL1: Day 27 | BN1: Day 28 | BP1: Day 29 | BR1: Day 30 | BT1: Day 31 | BV1: Day 32 | BX1: Day 33 | BZ1: Day 34 | CB1: Day 35 | CD1: Day 36 | CF1: Day 37 | CH1: Day 38 | CJ1: Day 39 | CL1: Day 40 | CN1: Day 41 | CP1: Day 42 | CR1: Day 43 | CT1: Day 44 | CV1: Day 45 | CX1: Day 46 | CZ1: Day 47 | DB1: Day 48 | DD1: Day 49 | DF1: Day 50 | DH1: Day 51 | DJ1: Day 51
L2: 45967 | N2: =WORKDAY.INTL(L2,1,"0000001") -> 45968 | P2: =WORKDAY.INTL(N2,1,"0000001") -> 45969 | R2: =WORKDAY.INTL(P2,1,"0000001") -> 45971 | T2: =WORKDAY.INTL(R2,1,"0000001") -> 45972 | V2: =WORKDAY.INTL(T2,1,"0000001") -> 45973 | X2: =WORKDAY.INTL(V2,1,"0000001") -> 45974 | Z2: =WORKDAY.INTL(X2,1,"0000001") -> 45975 | AB2: =WORKDAY.INTL(Z2,1,"0000001") -> 45976 | AD2: =WORKDAY.INTL(AB2,1,"0000001") -> 45978 | AF2: =WORKDAY.INTL(AD2,1,"0000001") -> 45979 | AH2: =WORKDAY.INTL(AF2,1,"0000001") -> 45980 | AJ2: =WORKDAY.INTL(AH2,1,"0000001") -> 45981 | AL2: =WORKDAY.INTL(AJ2,1,"0000001") -> 45982 | AN2: =WORKDAY.INTL(AL2,1,"0000001") -> 45983 | AP2: =WORKDAY.INTL(AN2,1,"0000001") -> 45985 | AR2: =WORKDAY.INTL(AP2,1,"0000001") -> 45986 | AT2: =WORKDAY.INTL(AR2,1,"0000001") -> 45987 | AV2: =WORKDAY.INTL(AT2,1,"0000001") -> 45988 | AX2: =WORKDAY.INTL(AV2,1,"0000001") -> 45989 | AZ2: =WORKDAY.INTL(AX2,1,"0000001") -> 45990 | BB2: =WORKDAY.INTL(AZ2,1,"0000001") -> 45992 | BD2: =WORKDAY.INTL(BB2,1,"0000001") -> 45993 | BF2: =WORKDAY.INTL(BD2,1,"0000001") -> 45994 | BH2: =WORKDAY.INTL(BF2,1,"0000001") -> 45995 | BJ2: =WORKDAY.INTL(BH2,1,"0000001") -> 45996 | BL2: =WORKDAY.INTL(BJ2,1,"0000001") -> 45997 | BN2: =WORKDAY.INTL(BL2,1,"0000001") -> 45999 | BP2: =WORKDAY.INTL(BN2,1,"0000001") -> 46000 | BR2: =WORKDAY.INTL(BP2,1,"0000001") -> 46001 | BT2: =WORKDAY.INTL(BR2,1,"0000001") -> 46002 | BV2: =WORKDAY.INTL(BT2,1,"0000001") -> 46003 | BX2: =WORKDAY.INTL(BV2,1,"0000001") -> 46004 | BZ2: =WORKDAY.INTL(BX2,1,"0000001") -> 46006 | CB2: =WORKDAY.INTL(BZ2,1,"0000001") -> 46007 | CD2: =WORKDAY.INTL(CB2,1,"0000001") -> 46008 | CF2: =WORKDAY.INTL(CD2,1,"0000001") -> 46009 | CH2: =WORKDAY.INTL(CF2,1,"0000001") -> 46010 | CJ2: =WORKDAY.INTL(CH2,1,"0000001") -> 46011 | CL2: =WORKDAY.INTL(CJ2,1,"0000001") -> 46013 | CN2: =WORKDAY.INTL(CL2,1,"0000001") -> 46014 | CP2: =WORKDAY.INTL(CN2,1,"0000001") -> 46015 | CR2: =WORKDAY.INTL(CP2,1,"0000001") -> 46016 | CT2: =WORKDAY.INTL(CR2,1,"0000001") -> 46017 | CV2: =WORKDAY.INTL(CT2,1,"0000001") -> 46018 | CX2: =WORKDAY.INTL(CV2,1,"0000001") -> 46020 | CZ2: =WORKDAY.INTL(CX2,1,"0000001") -> 46021 | DB2: =WORKDAY.INTL(CZ2,1,"0000001") -> 46022 | DD2: =WORKDAY.INTL(DB2,1,"0000001") -> 46023 | DF2: =WORKDAY.INTL(DD2,1,"0000001") -> 46024 | DH2: =WORKDAY.INTL(DF2,1,"0000001") -> 46025 | DJ2: =WORKDAY.INTL(DH2,1,"0000001") -> 46027
A3: Part No. | B3: Description | C3: Frame Pantone | D3: Frame Color | E3: Order Qty | F3: Done Till Date | G3: Pending | H3: Daily Capacity | I3: Available Frames | J3: Pending Assembly | K3: Days required to complete | L3: Planned | M3: Actual | N3: Planned | O3: Actual | P3: Planned | Q3: Actual | R3: Planned | S3: Actual | T3: Planned | U3: Actual | V3: Planned | W3: Actual | X3: Planned | Y3: Actual | Z3: Planned | AA3: Actual | AB3: Planned | AC3: Actual | AD3: Planned | AE3: Actual | AF3: Planned | AG3: Actual | AH3: Planned | AI3: Actual | AJ3: Planned | AK3: Actual | AL3: Planned | AM3: Actual | AN3: Planned | AO3: Actual | AP3: Planned | AQ3: Actual | AR3: Planned | AS3: Actual | AT3: Planned | AU3: Actual | AV3: Planned | AW3: Actual | AX3: Planned | AY3: Actual | AZ3: Planned | BA3: Actual | BB3: Planned | BC3: Actual | BD3: Planned | BE3: Actual | BF3: Planned | BG3: Actual | BH3: Planned | BI3: Actual | BJ3: Planned | BK3: Actual | BL3: Planned | BM3: Actual | BN3: Planned | BO3: Actual | BP3: Planned | BQ3: Actual | BR3: Planned | BS3: Actual | BT3: Planned | BU3: Actual | BV3: Planned | BW3: Actual | BX3: Planned | BY3: Actual | BZ3: Planned | CA3: Actual | CB3: Planned | CC3: Actual | CD3: Planned | CE3: Actual | CF3: Planned | CG3: Actual | CH3: Planned | CI3: Actual | CJ3: Planned | CK3: Actual | CL3: Planned | CM3: Actual | CN3: Planned | CO3: Actual | CP3: Planned | CQ3: Actual | CR3: Planned | CS3: Actual | CT3: Planned | CU3: Actual | CV3: Planned | CW3: Actual | CX3: Planned | CY3: Actual | CZ3: Planned | DA3: Actual | DB3: Planned | DC3: Actual | DD3: Planned | DE3: Actual | DF3: Planned | DG3: Actual | DH3: Planned | DI3: Actual | DJ3: Planned | DK3: Actual
A4: 6223 BLK | B4: Sunglass, 6223 Black | C4: Black 6C | D4: Black | E4: =SUMIF('Sunglasses BOM'!$D$1:$D$79,B4,'Sunglasses BOM'!$E$1:$E$79) -> 218400 | F4: {=SUMPRODUCT((MOD(COLUMN($M4:$FR4)-COLUMN($M4),2)=0)*($M4:$FR4))} -> 0 | G4: =E4-F4 -> 218400 | H4: ='Final Processes daily output'!$F$24 -> 30240 | I4: =_xlfn.XLOOKUP(A4,'Pad Printing DPR - ABS'!$A$4:$A$26,'Pad Printing DPR - ABS'!$F$4:$F$26) -> 0 | J4: =I4-F4 -> 0 | K4: =G4/H4 -> 7.2222222
A5: 6223 NAV | B5: Sunglass, 6223 Navy | C5: 648C | D5: Navy | E5: =SUMIF('Sunglasses BOM'!$D$1:$D$79,B5,'Sunglasses BOM'!$E$1:$E$79) -> 100800 | F5: {=SUMPRODUCT((MOD(COLUMN($M5:$FR5)-COLUMN($M5),2)=0)*($M5:$FR5))} -> 0 | G5: =E5-F5 -> 100800 | H5: ='Final Processes daily output'!$F$24 -> 30240 | I5: =_xlfn.XLOOKUP(A5,'Pad Printing DPR - ABS'!$A$4:$A$26,'Pad Printing DPR - ABS'!$F$4:$F$26) -> 0 | J5: =I5-F5 -> 0 | K5: =G5/H5 -> 3.3333333
A6: 6223 RED | B6: Sunglass, 6223 Red | C6: 1807C | D6: Red | E6: =SUMIF('Sunglasses BOM'!$D$1:$D$79,B6,'Sunglasses BOM'!$E$1:$E$79) -> 151200 | F6: {=SUMPRODUCT((MOD(COLUMN($M6:$FR6)-COLUMN($M6),2)=0)*($M6:$FR6))} -> 0 | G6: =E6-F6 -> 151200 | H6: ='Final Processes daily output'!$F$24 -> 30240 | I6: =_xlfn.XLOOKUP(A6,'Pad Printing DPR - ABS'!$A$4:$A$26,'Pad Printing DPR - ABS'!$F$4:$F$26) -> 0 | J6: =I6-F6 -> 0 | K6: =G6/H6 -> 5
A7: 6223 ROY | B7: Sunglass, 6223 Royal | C7: 2746C | D7: Royal | E7: =SUMIF('Sunglasses BOM'!$D$1:$D$79,B7,'Sunglasses BOM'!$E$1:$E$79) -> 100800 | F7: {=SUMPRODUCT((MOD(COLUMN($M7:$FR7)-COLUMN($M7),2)=0)*($M7:$FR7))} -> 0 | G7: =E7-F7 -> 100800 | H7: ='Final Processes daily output'!$F$24 -> 30240 | I7: =_xlfn.XLOOKUP(A7,'Pad Printing DPR - ABS'!$A$4:$A$26,'Pad Printing DPR - ABS'!$F$4:$F$26) -> 0 | J7: =I7-F7 -> 0 | K7: =G7/H7 -> 3.3333333
A8: 6223 WHT | B8: Sunglass, 6223 White | C8: WHITE | D8: White | E8: =SUMIF('Sunglasses BOM'!$D$1:$D$79,B8,'Sunglasses BOM'!$E$1:$E$79) -> 134400 | F8: {=SUMPRODUCT((MOD(COLUMN($M8:$FR8)-COLUMN($M8),2)=0)*($M8:$FR8))} -> 0 | G8: =E8-F8 -> 134400 | H8: ='Final Processes daily output'!$F$24 -> 30240 | I8: =_xlfn.XLOOKUP(A8,'Pad Printing DPR - ABS'!$A$4:$A$26,'Pad Printing DPR - ABS'!$F$4:$F$26) -> 0 | J8: =I8-F8 -> 0 | K8: =G8/H8 -> 4.4444444
A9: 6224 BLUBLK | B9: Sunglass, 6224 2tone BlueBlack | C9: 2187C | D9: Blue | E9: =SUMIF('Sunglasses BOM'!$D$1:$D$79,B9,'Sunglasses BOM'!$E$1:$E$79) -> 33600 | F9: {=SUMPRODUCT((MOD(COLUMN($M9:$FR9)-COLUMN($M9),2)=0)*($M9:$FR9))} -> 0 | G9: =E9-F9 -> 33600 | H9: ='Final Processes daily output'!$F$24 -> 30240 | I9: =_xlfn.XLOOKUP(A9,'Pad Printing DPR - ABS'!$A$4:$A$26,'Pad Printing DPR - ABS'!$F$4:$F$26) -> 0 | J9: =I9-F9 -> 0 | K9: =G9/H9 -> 1.1111111
A10: 6224 BLUWHT | B10: Sunglass, 6224 2tone Bluewhite | C10: 2187C | D10: Blue | E10: =SUMIF('Sunglasses BOM'!$D$1:$D$79,B10,'Sunglasses BOM'!$E$1:$E$79) -> 16800 | F10: {=SUMPRODUCT((MOD(COLUMN($M10:$FR10)-COLUMN($M10),2)=0)*($M10:$FR10))} -> 0 | G10: =E10-F10 -> 16800 | H10: ='Final Processes daily output'!$F$24 -> 30240 | I10: =_xlfn.XLOOKUP(A10,'Pad Printing DPR - ABS'!$A$4:$A$26,'Pad Printing DPR - ABS'!$F$4:$F$26) -> 0 | J10: =I10-F10 -> 0 | K10: =G10/H10 -> 0.55555556
